<?xml version="1.0" encoding="UTF-8"?>
<kml xmlns="http://www.opengis.net/kml/2.2">
  <Document>
    <name>Worldwide Horse Motel Listings</name>
    <description>The U.S. horse motels are listed first, followed by Canada. Remaining countries are listed alphabetically after Canada.</description>
    <Style id="icon-960-DB4436-normal">
      <IconStyle>
        <color>ff3644db</color>
        <scale>1.1</scale>
        <Icon>
          <href>https://www.gstatic.com/mapspro/images/stock/960-wht-star-blank.png</href>
        </Icon>
      </IconStyle>
      <LabelStyle>
        <scale>0</scale>
      </LabelStyle>
    </Style>
    <Style id="icon-960-DB4436-highlight">
      <IconStyle>
        <color>ff3644db</color>
        <scale>1.1</scale>
        <Icon>
          <href>https://www.gstatic.com/mapspro/images/stock/960-wht-star-blank.png</href>
        </Icon>
      </IconStyle>
      <LabelStyle>
        <scale>1.1</scale>
      </LabelStyle>
    </Style>
    <StyleMap id="icon-960-DB4436">
      <Pair>
        <key>normal</key>
        <styleUrl>#icon-960-DB4436-normal</styleUrl>
      </Pair>
      <Pair>
        <key>highlight</key>
        <styleUrl>#icon-960-DB4436-highlight</styleUrl>
      </Pair>
    </StyleMap>
    <Folder>
      <name>Worldiwide Horse Motels</name>
      <Placemark>
        <name>AL - Altoona</name>
        <description><![CDATA[Stable Stay: Horse Hotel & AirBnB<br>www.horsemotel.com/Alabama.html#ssh<br>Tel: 205-446-3994]]></description>
        <styleUrl>#icon-960-DB4436</styleUrl>
        <Point>
          <coordinates>
            -86.4018611111111,34.1336666666667,0
          </coordinates>
        </Point>
      </Placemark>
      <Placemark>
        <name>AL - Anniston</name>
        <description><![CDATA[Camp McClellan Horse Trails Campground<br>www.horsemotel.com/Alabama.html#cmh<br>Tel: 256-954-1623]]></description>
        <styleUrl>#icon-960-DB4436</styleUrl>
        <Point>
          <coordinates>
            -85.7756666666667,33.6958333333333,0
          </coordinates>
        </Point>
      </Placemark>
      <Placemark>
        <name>AL - Brundidge
</name>
        <description><![CDATA[Hickory Hill Farm<br>www.horemotel.com/lbm.html#hhf<br>Tel: 205-531-6952]]></description>
        <styleUrl>#icon-960-DB4436</styleUrl>
        <Point>
          <coordinates>
            -85.7933055555555,31.6095833333333,0
          </coordinates>
        </Point>
      </Placemark>
      <Placemark>
        <name>AL - Cropwell</name>
        <description><![CDATA[Bin Swindled Farm<br>www.horsemotel.com/Alabama.html#bsf<br>Tel: 205-365-3185]]></description>
        <styleUrl>#icon-960-DB4436</styleUrl>
        <Point>
          <coordinates>
            -86.319631,33.510385,0
          </coordinates>
        </Point>
      </Placemark>
      <Placemark>
        <name>AL - Hamilton</name>
        <description><![CDATA[RED STONE BED & BARN<br>www.horsemotel.com/Alabama.html#rsb<br>Terry (owner) - 850-225-0302 <br>or Dani - 281-846-8039]]></description>
        <styleUrl>#icon-960-DB4436</styleUrl>
        <Point>
          <coordinates>
            -88.0200277777778,34.0845277777778,0
          </coordinates>
        </Point>
      </Placemark>
      <Placemark>
        <name>AL - Hope Hull</name>
        <description><![CDATA[PINCHONA SANCTUARY AND PRESERVE<br>www.horsemotel.com/Alabama.html#pf<br>Tel: 334-315-0925]]></description>
        <styleUrl>#icon-960-DB4436</styleUrl>
        <Point>
          <coordinates>
            -86.37856,32.19998,0
          </coordinates>
        </Point>
      </Placemark>
      <Placemark>
        <name>AL - Mobile
</name>
        <description><![CDATA[Spyglass Farms<br>www.horsemotel.com/Alabama.html#stf<br>Tel: 251-401-6228]]></description>
        <styleUrl>#icon-960-DB4436</styleUrl>
        <Point>
          <coordinates>
            -88.267061,30.617988,0
          </coordinates>
        </Point>
      </Placemark>
      <Placemark>
        <name>AL - Ralph</name>
        <description><![CDATA[4-R Arena<br>www.horsemotel.com/Alabama.html#rrrr<br>Tel: 205-799-4601; 205-239-2263 <br>or 205-345-7427]]></description>
        <styleUrl>#icon-960-DB4436</styleUrl>
        <Point>
          <coordinates>
            -87.76482,33.05069,0
          </coordinates>
        </Point>
      </Placemark>
      <Placemark>
        <name>AL - Silverhill</name>
        <description><![CDATA[Rocking "A" Ranch <br>www.horsemotel.com/Alabama.html#a<br>Tel: 251-747-6464]]></description>
        <styleUrl>#icon-960-DB4436</styleUrl>
        <Point>
          <coordinates>
            -87.78918,30.51381,0
          </coordinates>
        </Point>
      </Placemark>
      <Placemark>
        <name>AL - Trinity</name>
        <description><![CDATA[Caddo Equestrian<br>www.horsemotel.com/Alabama.html#caddo<br>Tel: 256-476-8335]]></description>
        <styleUrl>#icon-960-DB4436</styleUrl>
        <Point>
          <coordinates>
            -87.14312,34.56831,0
          </coordinates>
        </Point>
      </Placemark>
      <Placemark>
        <name>AK - Tok</name>
        <description><![CDATA[Tok Line Camp B & B<br>www.horsemotel.com/Alaska.html#tok<br>Tel: 907-883-5506]]></description>
        <styleUrl>#icon-960-DB4436</styleUrl>
        <Point>
          <coordinates>
            -143.03632,63.3336,0
          </coordinates>
        </Point>
      </Placemark>
      <Placemark>
        <name>AZ - Alpine</name>
        <description><![CDATA[The Aspen Lodge<br>www.horsemotel.com/Arizona.html#tal<br>Tel: 866-322-7736]]></description>
        <styleUrl>#icon-960-DB4436</styleUrl>
        <Point>
          <coordinates>
            -109.159555555556,33.8439444444444,0
          </coordinates>
        </Point>
      </Placemark>
      <Placemark>
        <name>AZ - Apache Junction
</name>
        <description><![CDATA[Christina Dora Equestrian, LLC<br>www.horsemotel.com/Arizona.html#cde<br>Tel: 602-550-0823]]></description>
        <styleUrl>#icon-960-DB4436</styleUrl>
        <Point>
          <coordinates>
            -111.526706,33.427641,0
          </coordinates>
        </Point>
      </Placemark>
      <Placemark>
        <name>AZ - Apache Junction
</name>
        <description><![CDATA[Lazee Day Dairy<br>www.horsemotel.com/Arizona.html#ldd<br>Tel: 780-991-6995]]></description>
        <styleUrl>#icon-960-DB4436</styleUrl>
        <Point>
          <coordinates>
            -111.511583333333,33.3961666666667,0
          </coordinates>
        </Point>
      </Placemark>
      <Placemark>
        <name>AZ - Apache Junction</name>
        <description><![CDATA[Bobbie McGhee Stables<br>www.horsemotel.com/Arizona.html#bms<br>Tel: 402-276-1014]]></description>
        <styleUrl>#icon-960-DB4436</styleUrl>
        <Point>
          <coordinates>
            -111.553527777778,33.4145833333333,0
          </coordinates>
        </Point>
      </Placemark>
      <Placemark>
        <name>AZ - Ash Fork</name>
        <description><![CDATA[Nicolls Country Ranch<br>www.horsemotel.com/Arizona.html#shifty<br>Tel: 928-606-1058]]></description>
        <styleUrl>#icon-960-DB4436</styleUrl>
        <Point>
          <coordinates>
            -112.48015,35.25622,0
          </coordinates>
        </Point>
      </Placemark>
      <Placemark>
        <name>AZ - Benson</name>
        <description><![CDATA[Spears Ranch<br>www.horsemotel.com/Arizona.html#srl<br>Tel: 520 349 5940]]></description>
        <styleUrl>#icon-960-DB4436</styleUrl>
        <Point>
          <coordinates>
            -110.256445,31.933815,0
          </coordinates>
        </Point>
      </Placemark>
      <Placemark>
        <name>AZ - Camp Verde
</name>
        <description><![CDATA[Montezuma Old West Ranch House<br>www.horsemotel.com/Arizona.html#mow<br>Tel: 602-526-4276]]></description>
        <styleUrl>#icon-960-DB4436</styleUrl>
        <Point>
          <coordinates>
            -111.865666,34.591341,0
          </coordinates>
        </Point>
      </Placemark>
      <Placemark>
        <name>AZ - Camp Verde
</name>
        <description><![CDATA[ARIZONA Horse Layovers * Nashwa Farms<br>https://www.horsemotel.com/Arizona.html#nfe<br>Tel: 602-525-0630]]></description>
        <styleUrl>#icon-960-DB4436</styleUrl>
        <Point>
          <coordinates>
            -111.916222,34.640611,0
          </coordinates>
        </Point>
      </Placemark>
      <Placemark>
        <name>AZ - Cave Creek</name>
        <description><![CDATA[Stewart Ranch<br>www.horsemotel.com/Arizona.html#str<br>Tel: 602-702-1786]]></description>
        <styleUrl>#icon-960-DB4436</styleUrl>
        <Point>
          <coordinates>
            -112.017048,33.820767,0
          </coordinates>
        </Point>
      </Placemark>
      <Placemark>
        <name>AZ - Cave Creek
</name>
        <description><![CDATA[Cave Creek Ranch<br>www.horsemotel.com/Arizona.html#ccr<br>Tel: 623-329-5416]]></description>
        <styleUrl>#icon-960-DB4436</styleUrl>
        <Point>
          <coordinates>
            -111.976525,33.815304,0
          </coordinates>
        </Point>
      </Placemark>
      <Placemark>
        <name>AZ - Cave Creek
</name>
        <description><![CDATA[Heidi Inman<br>www.horsemotel.com/Arizona.html#him<br>Tel: 360-975-2836]]></description>
        <styleUrl>#icon-960-DB4436</styleUrl>
        <Point>
          <coordinates>
            -111.95941,33.75752,0
          </coordinates>
        </Point>
      </Placemark>
      <Placemark>
        <name>AZ - Coolidge</name>
        <description><![CDATA[Rocky Mt Ranches<br>www.horsemotel.com/Arizona.html#rmr<br>Tel: 602-300-0620]]></description>
        <styleUrl>#icon-960-DB4436</styleUrl>
        <Point>
          <coordinates>
            -111.452,32.9876111111111,0
          </coordinates>
        </Point>
      </Placemark>
      <Placemark>
        <name>AZ - Cottonwood</name>
        <description><![CDATA[The Ranch at Trails End, LLC<br>www.horsemotel.com/Arizona.html#rte<br>Tel: 928-301-8523]]></description>
        <styleUrl>#icon-960-DB4436</styleUrl>
        <Point>
          <coordinates>
            -111.975972222222,34.7212222222222,0
          </coordinates>
        </Point>
      </Placemark>
      <Placemark>
        <name>AZ - Douglas</name>
        <description><![CDATA[Jon Ray Ranch<br>www.horsemotel.com/Arizona.html#jrr<br>Tel: 520-368-1502]]></description>
        <styleUrl>#icon-960-DB4436</styleUrl>
        <Point>
          <coordinates>
            -109.558112,31.404459,0
          </coordinates>
        </Point>
      </Placemark>
      <Placemark>
        <name>AZ - Elgin</name>
        <description><![CDATA[The Happy Trails Cabin<br>www.horsemotel.com/Arizona.html#tht<br>Tel: 928-350-5576]]></description>
        <styleUrl>#icon-960-DB4436</styleUrl>
        <Point>
          <coordinates>
            -110.601472222222,31.5936388888889,0
          </coordinates>
        </Point>
      </Placemark>
      <Placemark>
        <name>AZ - Eloy
</name>
        <description><![CDATA[7 bar M Ranch<br>www.horsemotel.com/Arizona.html#sbm<br>Tel: 360-489-5892]]></description>
        <styleUrl>#icon-960-DB4436</styleUrl>
        <Point>
          <coordinates>
            -111.51625,32.6745,0
          </coordinates>
        </Point>
      </Placemark>
      <Placemark>
        <name>AZ - Flagstaff
</name>
        <description><![CDATA[Summer Sage Stables <br>www.horsemotel.com/Arizona.html#summer <br>Tel: 928-853-9005]]></description>
        <styleUrl>#icon-960-DB4436</styleUrl>
        <Point>
          <coordinates>
            -111.557305555556,35.2145833333333,0
          </coordinates>
        </Point>
      </Placemark>
      <Placemark>
        <name>AZ - Flagstaff
</name>
        <description><![CDATA[Sycamore Ranch<br>www.horsemotel.com/Arizona.html#smr<br>Tel: 928-525-4756]]></description>
        <styleUrl>#icon-960-DB4436</styleUrl>
        <Point>
          <coordinates>
            -111.542444444444,35.3085,0
          </coordinates>
        </Point>
      </Placemark>
      <Placemark>
        <name>AZ - Fredonia
</name>
        <description><![CDATA[HAPPY HORSE & DOG PET RESORT<br>www.horsemotel.com/Arizona.html#hhd<br>Tel: 435-899-9335]]></description>
        <styleUrl>#icon-960-DB4436</styleUrl>
        <Point>
          <coordinates>
            -112.529376,36.964835,0
          </coordinates>
        </Point>
      </Placemark>
      <Placemark>
        <name>AZ - Goodyear</name>
        <description><![CDATA[Tumbling T Ranch<br>www.horsemotel.com/Arizona.html#ttr<br>Tel: 602-369-0945]]></description>
        <styleUrl>#icon-960-DB4436</styleUrl>
        <Point>
          <coordinates>
            -112.4021,33.4557,0
          </coordinates>
        </Point>
      </Placemark>
      <Placemark>
        <name>AZ - Holbrook
</name>
        <description><![CDATA[Goodwater Ranch, LLC<br>www.horsemotel.com/Arizona.html#gdr<br>Tel: 602-300-8176]]></description>
        <styleUrl>#icon-960-DB4436</styleUrl>
        <Point>
          <coordinates>
            -109.883916666667,34.9775,0
          </coordinates>
        </Point>
      </Placemark>
      <Placemark>
        <name>AZ - Kingman</name>
        <description><![CDATA[Blake Ranch RV Park & Horse Motel<br>www.horsemotel.com/Arizona.html#brrv<br>Tel: 928-757-3336]]></description>
        <styleUrl>#icon-960-DB4436</styleUrl>
        <Point>
          <coordinates>
            -113.78897,35.1796,0
          </coordinates>
        </Point>
      </Placemark>
      <Placemark>
        <name>AZ - Mesa
</name>
        <description><![CDATA[Wild West Town & Ranch<br>www.horsemotel.com/Arizona.html#wwr<br>Tel: 303-594-4433]]></description>
        <styleUrl>#icon-960-DB4436</styleUrl>
        <Point>
          <coordinates>
            -111.582166666667,33.3071944444444,0
          </coordinates>
        </Point>
      </Placemark>
      <Placemark>
        <name>AZ - Morristown</name>
        <description><![CDATA[Wickenburg Horse Motel<br>www.horsemotel.com/Arizona.html#whm<br>Tel: 928-671-1482]]></description>
        <styleUrl>#icon-960-DB4436</styleUrl>
        <Point>
          <coordinates>
            -112.640245,33.871307,0
          </coordinates>
        </Point>
      </Placemark>
      <Placemark>
        <name>AZ - Payson
</name>
        <description><![CDATA[Hale Family Ranch<br>www.horsemotel.com/Arizona.html#hfr<br>Tel: 480-229-8765]]></description>
        <styleUrl>#icon-960-DB4436</styleUrl>
        <Point>
          <coordinates>
            -111.275166666667,34.1060555555556,0
          </coordinates>
        </Point>
      </Placemark>
      <Placemark>
        <name>AZ - Pearce
</name>
        <description><![CDATA[Lazy Horse Ranch<br>www.horsemotel.com/Arizona.html#lhr<br>Tel: 602-620-0247]]></description>
        <styleUrl>#icon-960-DB4436</styleUrl>
        <Point>
          <coordinates>
            -109.755964,31.930777,0
          </coordinates>
        </Point>
      </Placemark>
      <Placemark>
        <name>AZ - Phoenix
</name>
        <description><![CDATA[Clover Equine<br>www.horsemotel.com/Arizona.html#ceq<br>Tel: 602-526-5555 <br>or 602-819-4912]]></description>
        <styleUrl>#icon-960-DB4436</styleUrl>
        <Point>
          <coordinates>
            -112.130417,33.836639,0
          </coordinates>
        </Point>
      </Placemark>
      <Placemark>
        <name>AZ - Phoenix
</name>
        <description><![CDATA[Windrush Ranch, LLC<br>www.horsemotel.com/Arizona.html#wdr<br>Tel: 602-390-1460]]></description>
        <styleUrl>#icon-960-DB4436</styleUrl>
        <Point>
          <coordinates>
            -112.0525,33.801556,0
          </coordinates>
        </Point>
      </Placemark>
      <Placemark>
        <name>AZ - Phoenix
</name>
        <description><![CDATA[Bob's Big City Barn<br>www.horsemotel.com/Arizona.html#bbc<br>Tel: 602-684-1092]]></description>
        <styleUrl>#icon-960-DB4436</styleUrl>
        <Point>
          <coordinates>
            -112.149805555556,33.6180277777778,0
          </coordinates>
        </Point>
      </Placemark>
      <Placemark>
        <name>AZ - Scottsdale</name>
        <description><![CDATA[Lost Cowboy Ranch<br>www.horsemotel.com/Arizona.html#lost<br>Tel: 602-697-3260]]></description>
        <styleUrl>#icon-960-DB4436</styleUrl>
        <Point>
          <coordinates>
            -111.73426,33.75697,0
          </coordinates>
        </Point>
      </Placemark>
      <Placemark>
        <name>AZ - Scottsdale</name>
        <description><![CDATA[Rio Rancho Verde<br>www.horsemotel.com/Arizona.html#suenos<br>Tel: 480-227-0568]]></description>
        <styleUrl>#icon-960-DB4436</styleUrl>
        <Point>
          <coordinates>
            -111.84219,33.81338,0
          </coordinates>
        </Point>
      </Placemark>
      <Placemark>
        <name>AZ - Sedona</name>
        <description><![CDATA[Redrock Camp<br>www.horsemotel.com/Arizona.html#rdk<br>Tel: 650-274-8499]]></description>
        <styleUrl>#icon-960-DB4436</styleUrl>
        <Point>
          <coordinates>
            -111.86558,34.8333,0
          </coordinates>
        </Point>
      </Placemark>
      <Placemark>
        <name>AZ - Sonoita</name>
        <description><![CDATA[Irbinskas Stables RV Horse Camp<br>www.horsemotel.com/Arizona.html#isr<br>Tel: 520-444-2460]]></description>
        <styleUrl>#icon-960-DB4436</styleUrl>
        <Point>
          <coordinates>
            -110.641492,31.744968,0
          </coordinates>
        </Point>
      </Placemark>
      <Placemark>
        <name>AZ - Tombstone
</name>
        <description><![CDATA[Tombstone Livery Stable<br>www.horsemotel.com/Arizona.html#tsl<br>Tel: 520-226-5915]]></description>
        <styleUrl>#icon-960-DB4436</styleUrl>
        <Point>
          <coordinates>
            -110.10391,31.74794,0
          </coordinates>
        </Point>
      </Placemark>
      <Placemark>
        <name>AZ - Tonopah</name>
        <description><![CDATA[Stewart Runner's Horse Motel, RV Park and Arena<br>www.horsemotel.com/Arizona.html#runner<br>Tel: 623-386-5124]]></description>
        <styleUrl>#icon-960-DB4436</styleUrl>
        <Point>
          <coordinates>
            -112.81879,33.49395,0
          </coordinates>
        </Point>
      </Placemark>
      <Placemark>
        <name>AZ - Tucson</name>
        <description><![CDATA[China Cabinet Ranch<br>www.horsemotel.com/Arizona.html#ccr<br>Tel: 520-400-3877]]></description>
        <styleUrl>#icon-960-DB4436</styleUrl>
        <Point>
          <coordinates>
            -111.175222,32.333667,0
          </coordinates>
        </Point>
      </Placemark>
      <Placemark>
        <name>AZ - Tucson</name>
        <description><![CDATA[Rocking M Ranch<br>www.horsemotel.com/Arizona.html#m<br>Tel: 520-744-2457]]></description>
        <styleUrl>#icon-960-DB4436</styleUrl>
        <Point>
          <coordinates>
            -111.10781,32.32008,0
          </coordinates>
        </Point>
      </Placemark>
      <Placemark>
        <name>AZ - Tucson
</name>
        <description><![CDATA[Lazy H Bar Desert Outpost Vacation Rental<br>www.horsemotel.com/Arizona.html#lhb<br>Tel: 707-939-5616]]></description>
        <styleUrl>#icon-960-DB4436</styleUrl>
        <Point>
          <coordinates>
            -111.299777777778,31.9871111111111,0
          </coordinates>
        </Point>
      </Placemark>
      <Placemark>
        <name>AZ - Tucson
</name>
        <description><![CDATA[Moody Ranch<br>www.horsemotel.com/Arizona.html#jmy<br>Tel: 520-405-6041]]></description>
        <styleUrl>#icon-960-DB4436</styleUrl>
        <Point>
          <coordinates>
            -111.079388888889,32.3566388888889,0
          </coordinates>
        </Point>
      </Placemark>
      <Placemark>
        <name>AZ - Tucson</name>
        <description><![CDATA[Wandering Rose Farm and Stables<br>www.horsemotel.com/Arizona.html#wrf<br>Tel: 208-880-1294]]></description>
        <styleUrl>#icon-960-DB4436</styleUrl>
        <Point>
          <coordinates>
            -111.169,32.20201,0
          </coordinates>
        </Point>
      </Placemark>
      <Placemark>
        <name>AZ - Wickenburg</name>
        <description><![CDATA[Deseret Akers<br>www.horsemotel.com/Arizona.html#smash<br>Tel: 970-215-2659]]></description>
        <styleUrl>#icon-960-DB4436</styleUrl>
        <Point>
          <coordinates>
            -112.7243,33.97195,0
          </coordinates>
        </Point>
      </Placemark>
      <Placemark>
        <name>AZ - Wittmann</name>
        <description><![CDATA[Lainee Shearer Quarter Horses<br>www.horsemotel.com/Arizona.html#lsq<br>Tel: 605-200-1777]]></description>
        <styleUrl>#icon-960-DB4436</styleUrl>
        <Point>
          <coordinates>
            -112.519333333333,33.8075555555556,0
          </coordinates>
        </Point>
      </Placemark>
      <Placemark>
        <name>AZ - Yuma</name>
        <description><![CDATA[McClure Ranch<br>www.horsemotel.com/Arizona.html#mcr<br>Tel: 928-210-2128]]></description>
        <styleUrl>#icon-960-DB4436</styleUrl>
        <Point>
          <coordinates>
            -114.555694,32.70425,0
          </coordinates>
        </Point>
      </Placemark>
      <Placemark>
        <name>AR - Blytheville</name>
        <description><![CDATA[Circle L Equine<br>www.horsemotel.com/Arkansas.html#circlel<br>Tel: 870-623-2824]]></description>
        <styleUrl>#icon-960-DB4436</styleUrl>
        <Point>
          <coordinates>
            -89.90894,35.951,0
          </coordinates>
        </Point>
      </Placemark>
      <Placemark>
        <name>AR - Brinkley</name>
        <description><![CDATA[Rocking P Stables<br>www.horsemotel.com/Arkansas.html#rps<br>Tel: 501-626-3926]]></description>
        <styleUrl>#icon-960-DB4436</styleUrl>
        <Point>
          <coordinates>
            -91.194457,34.915165,0
          </coordinates>
        </Point>
      </Placemark>
      <Placemark>
        <name>AR, Clarksville</name>
        <description><![CDATA[The Bunkhouse<br>www.horsemotel.com/Arkansas.html#tbh<br>Tel: 479-979-7662]]></description>
        <styleUrl>#icon-960-DB4436</styleUrl>
        <Point>
          <coordinates>
            -93.4721388888889,35.5014444444444,0
          </coordinates>
        </Point>
      </Placemark>
      <Placemark>
        <name>AR - Conway</name>
        <description><![CDATA[Hobby Horse Hotel<br>www.horsemotel.com/Arkansas.html#hhh<br>Tel: 501-215-3881]]></description>
        <styleUrl>#icon-960-DB4436</styleUrl>
        <Point>
          <coordinates>
            -92.4095,35.1181388888889,0
          </coordinates>
        </Point>
      </Placemark>
      <Placemark>
        <name>AR - Forrest City</name>
        <description><![CDATA[Roberts Racing Stables<br>www.horsemotel.com/Arkansas.html#rrs<br>Tel: 870-261-2511 or 870-630-7037]]></description>
        <styleUrl>#icon-960-DB4436</styleUrl>
        <Point>
          <coordinates>
            -90.78158,34.9707,0
          </coordinates>
        </Point>
      </Placemark>
      <Placemark>
        <name>AR - Fouke
</name>
        <description><![CDATA[Blue Line Farm,<br>www.horsemotel.com/Arkansas.html#blf<br>Tel: 870-653-6227]]></description>
        <styleUrl>#icon-960-DB4436</styleUrl>
        <Point>
          <coordinates>
            -93.872194,33.280722,0
          </coordinates>
        </Point>
      </Placemark>
      <Placemark>
        <name>AR - Greenbrier</name>
        <description><![CDATA[Shady Trail Horse Motel<br>www.horsemotel.com/Arkansas.html#shady<br>Tel: 501-679-3606 or 501-580-2703]]></description>
        <styleUrl>#icon-960-DB4436</styleUrl>
        <Point>
          <coordinates>
            -92.49138,35.24054,0
          </coordinates>
        </Point>
      </Placemark>
      <Placemark>
        <name>AR - Harrison
</name>
        <description><![CDATA[Norton Cattle Company<br>www.horsemotel.com/Arkansas.html#nfs<br>Tel: 870-715-7255]]></description>
        <styleUrl>#icon-960-DB4436</styleUrl>
        <Point>
          <coordinates>
            -93.1259722222222,36.1433611111111,0
          </coordinates>
        </Point>
      </Placemark>
      <Placemark>
        <name>AR - Hazen
</name>
        <description><![CDATA[Saddle Inn Hazen<br>www.horsemotel.com/Arkansas.html#sih<br>Tel: 218-838-6541]]></description>
        <styleUrl>#icon-960-DB4436</styleUrl>
        <Point>
          <coordinates>
            -91.567019,34.810299,0
          </coordinates>
        </Point>
      </Placemark>
      <Placemark>
        <name>AR - Mabelvale</name>
        <description><![CDATA[KS Horse Motel<br>www.horsemotel.com/Arkansas.html#ksh<br>Tel: 501-776-7500]]></description>
        <styleUrl>#icon-960-DB4436</styleUrl>
        <Point>
          <coordinates>
            -92.4086666666667,34.6409722222222,0
          </coordinates>
        </Point>
      </Placemark>
      <Placemark>
        <name>AR - Mulberry
</name>
        <description><![CDATA[I40 Horse Hotel<br>www.horsemotel.com/Arkansas.html#ifh<br>Tel: 479-430-0623]]></description>
        <styleUrl>#icon-960-DB4436</styleUrl>
        <Point>
          <coordinates>
            -94.1246666666667,35.5565555555556,0
          </coordinates>
        </Point>
      </Placemark>
      <Placemark>
        <name>AR - Ozark</name>
        <description><![CDATA[NFC Rodeo<br>www.horsemotel.com/Arkansas.html#nfc<br>Tel: 479-209-0741]]></description>
        <styleUrl>#icon-960-DB4436</styleUrl>
        <Point>
          <coordinates>
            -93.85671,35.497365,0
          </coordinates>
        </Point>
      </Placemark>
      <Placemark>
        <name>AR - Russellville</name>
        <description><![CDATA[2B Farms<br>www.horsemotel.com/Arkansas.html#bb<br>Tel: 479-968-3651 or 479-970-1915]]></description>
        <styleUrl>#icon-960-DB4436</styleUrl>
        <Point>
          <coordinates>
            -93.01641,35.34863,0
          </coordinates>
        </Point>
      </Placemark>
      <Placemark>
        <name>AR - Russellville
</name>
        <description><![CDATA[Buckaroo Ranch<br>www.horsemotel.com/Arkansas.html#bkr<br>Tel: 479-264-3554]]></description>
        <styleUrl>#icon-960-DB4436</styleUrl>
        <Point>
          <coordinates>
            -93.083505,35.33314,0
          </coordinates>
        </Point>
      </Placemark>
      <Placemark>
        <name>CA - Albion</name>
        <description><![CDATA[Foxwood Farm<br>www.horsemotel.com/California.html#fwf<br>Tel: 650-815-6416<br>Marker designates the town of Albion.<br>Call for directions.]]></description>
        <styleUrl>#icon-960-DB4436</styleUrl>
        <Point>
          <coordinates>
            -123.767083333333,39.2232777777778,0
          </coordinates>
        </Point>
      </Placemark>
      <Placemark>
        <name>CA - Anderson</name>
        <description><![CDATA[Happy Hooves Horse Hotel<br>www.horsemotel.com/California.html#hhh<br>Tel: 530-941-0544]]></description>
        <styleUrl>#icon-960-DB4436</styleUrl>
        <Point>
          <coordinates>
            -122.32448,40.45001,0
          </coordinates>
        </Point>
      </Placemark>
      <Placemark>
        <name>CA - Anderson</name>
        <description><![CDATA[NorCal Riding Stables<br>www.horsemotel.com/California.html#norcal<br>Tel: 530-515-8958]]></description>
        <styleUrl>#icon-960-DB4436</styleUrl>
        <Point>
          <coordinates>
            -122.260444,40.435722,0
          </coordinates>
        </Point>
      </Placemark>
      <Placemark>
        <name>CA - Bakersfield</name>
        <description><![CDATA[Galbraith's End of the Road Ranch<br>www.horsemotel.com/California.html#galbraith<br>Tel: 661-845-3013 or 661-301-3132]]></description>
        <styleUrl>#icon-960-DB4436</styleUrl>
        <Point>
          <coordinates>
            -118.90387,35.31097,0
          </coordinates>
        </Point>
      </Placemark>
      <Placemark>
        <name>CA - Bakersfield</name>
        <description><![CDATA[JKC Ranch<br>www.horsemotel.com/California.html#jkc<br>Tel: 682-444-1701 or 661-334-0390]]></description>
        <styleUrl>#icon-960-DB4436</styleUrl>
        <Point>
          <coordinates>
            -119.211122,35.379714,0
          </coordinates>
        </Point>
      </Placemark>
      <Placemark>
        <name>CA - Barstow</name>
        <description><![CDATA[Happi Ranch<br>www.horsemotel.com/California.html#hpr<br>Tel: 254-368-7891]]></description>
        <styleUrl>#icon-960-DB4436</styleUrl>
        <Point>
          <coordinates>
            -117.08502,34.90955,0
          </coordinates>
        </Point>
      </Placemark>
      <Placemark>
        <name>CA - Fresno</name>
        <description><![CDATA[Silver Glen Stables<br>www.horsemotel.com/California.html#silverglen<br>Tel: 559-285-1153]]></description>
        <styleUrl>#icon-960-DB4436</styleUrl>
        <Point>
          <coordinates>
            -119.93721,36.79238,0
          </coordinates>
        </Point>
      </Placemark>
      <Placemark>
        <name>CA - Gilroy</name>
        <description><![CDATA[Rancho Ruiz www.horsemotel.com/California.html#rancho<br>993 Day Road,<br>Gilroy, CA 95020 Tel: 408-309-0538]]></description>
        <styleUrl>#icon-960-DB4436</styleUrl>
        <Point>
          <coordinates>
            -121.60414,37.04052,0
          </coordinates>
        </Point>
      </Placemark>
      <Placemark>
        <name>CA - Hemet
</name>
        <description><![CDATA[Collins Ranch<br>www.horsemotel.com/California.html#clr<br>Tel: 951-541-4822]]></description>
        <styleUrl>#icon-960-DB4436</styleUrl>
        <Point>
          <coordinates>
            -116.942405,33.612838,0
          </coordinates>
        </Point>
      </Placemark>
      <Placemark>
        <name>CA - Hollister
</name>
        <description><![CDATA[McGrady Livestock and Roping Arena<br>https://www.horsemotel.com/California.html#mgl<br>Tel: 831-455-5098]]></description>
        <styleUrl>#icon-960-DB4436</styleUrl>
        <Point>
          <coordinates>
            -121.36061,36.924186,0
          </coordinates>
        </Point>
      </Placemark>
      <Placemark>
        <name>CA - Inyokern</name>
        <description><![CDATA[Bonfire Ranch and Horse Motel<br>www.horsemotel.com/California.html#bonfire<br>Tel: 760-377-4088; cell - 760-382-1727]]></description>
        <styleUrl>#icon-960-DB4436</styleUrl>
        <Point>
          <coordinates>
            -117.86353,35.77831,0
          </coordinates>
        </Point>
      </Placemark>
      <Placemark>
        <name>CA - Loomis</name>
        <description><![CDATA[Harris Rustic Ranch<br>www.horsemotel.com/California.html#hrr<br>Tel: 916-663-7032]]></description>
        <styleUrl>#icon-960-DB4436</styleUrl>
        <Point>
          <coordinates>
            -121.190444,38.818167,0
          </coordinates>
        </Point>
      </Placemark>
      <Placemark>
        <name>CA - Los Molinos</name>
        <description><![CDATA[LAZY LEE RANCH & STAYS<br>www.horsemotel.com/California.html#llr<br>Tel: 530-949-9566]]></description>
        <styleUrl>#icon-960-DB4436</styleUrl>
        <Point>
          <coordinates>
            -122.102777777778,40.0474166666667,0
          </coordinates>
        </Point>
      </Placemark>
      <Placemark>
        <name>CA - McKinleyville</name>
        <description><![CDATA[Fogline Ridge Ranch<br>www.horsemotel.com/California.html#frr<br>Tel: 925-918-2848]]></description>
        <styleUrl>#icon-960-DB4436</styleUrl>
        <Point>
          <coordinates>
            -124.069222222222,40.9173055555556,0
          </coordinates>
        </Point>
      </Placemark>
      <Placemark>
        <name>CA - Norco</name>
        <description><![CDATA[Larry Tarpley Training Center at RET Park Ranch<br>www.horsemotel.com/California.html#ltc<br>Tel: 714-357-5799]]></description>
        <styleUrl>#icon-960-DB4436</styleUrl>
        <Point>
          <coordinates>
            -117.541301,33.935708,0
          </coordinates>
        </Point>
      </Placemark>
      <Placemark>
        <name>CA - Phelan</name>
        <description><![CDATA[Sweethart Farms<br>www.horsemotel.com/California.html#shf<br>Tel: 951-640-9239]]></description>
        <styleUrl>#icon-960-DB4436</styleUrl>
        <Point>
          <coordinates>
            -117.590166666667,34.4240833333333,0
          </coordinates>
        </Point>
      </Placemark>
      <Placemark>
        <name>CA - Pine Valley
</name>
        <description><![CDATA[RockinCW<br>www.horsemotel.com/California.html#sop<br>Tel: 858-775-7299]]></description>
        <styleUrl>#icon-960-DB4436</styleUrl>
        <Point>
          <coordinates>
            -116.529111111111,32.8316944444444,0
          </coordinates>
        </Point>
      </Placemark>
      <Placemark>
        <name>CA - Red Bluff
</name>
        <description><![CDATA[Valley Horse Center<br>www.horsemotel.com/California.html#vhc<br>Tel: 707-688-1741]]></description>
        <styleUrl>#icon-960-DB4436</styleUrl>
        <Point>
          <coordinates>
            -122.197187,40.260083,0
          </coordinates>
        </Point>
      </Placemark>
      <Placemark>
        <name>CA - Red Bluff</name>
        <description><![CDATA[Rusty Wire Ranch<br>www.horsemotel.com/California.html#rwr<br>Tel: 971-209-5314]]></description>
        <styleUrl>#icon-960-DB4436</styleUrl>
        <Point>
          <coordinates>
            -122.175166666667,40.1255833333333,0
          </coordinates>
        </Point>
      </Placemark>
      <Placemark>
        <name>CA - Red Bluff</name>
        <description><![CDATA[2 Bar M Ranch<br>www.horsemotel.com/California.html#tbm<br>Tel: 907-230-9959]]></description>
        <styleUrl>#icon-960-DB4436</styleUrl>
        <Point>
          <coordinates>
            -122.290666666667,40.1720833333333,0
          </coordinates>
        </Point>
      </Placemark>
      <Placemark>
        <name>CA - Riverside</name>
        <description><![CDATA[FIG TREE RANCH<br>www.horsemotel.com/California.html#ftr<br>Tel: 714-357-8955]]></description>
        <styleUrl>#icon-960-DB4436</styleUrl>
        <Point>
          <coordinates>
            -117.361111111111,33.8553055555556,0
          </coordinates>
        </Point>
      </Placemark>
      <Placemark>
        <name>CA - Shadow Hills</name>
        <description><![CDATA[Golden Horse Ranch Boarding<br>www.horsemotel.com/California.html#ghr<br>Tel: 818-641-6745]]></description>
        <styleUrl>#icon-960-DB4436</styleUrl>
        <Point>
          <coordinates>
            -118.34878,34.24978,0
          </coordinates>
        </Point>
      </Placemark>
      <Placemark>
        <name>CA - Stevinson</name>
        <description><![CDATA[Stevinson Ranch and Stables<br>www.horsemotel.com/California.html#srs<br>Tel: 209-226-5145]]></description>
        <styleUrl>#icon-960-DB4436</styleUrl>
        <Point>
          <coordinates>
            -120.83425,37.34194,0
          </coordinates>
        </Point>
      </Placemark>
      <Placemark>
        <name>CA - Stockton
</name>
        <description><![CDATA[D'Alonzo Ranch Equestrian Center<br>www.horsemotel.com/California.html#dalonzo<br>Tel: 209-406-4075]]></description>
        <styleUrl>#icon-960-DB4436</styleUrl>
        <Point>
          <coordinates>
            -121.35377,37.92522,0
          </coordinates>
        </Point>
      </Placemark>
      <Placemark>
        <name>CA - Tehachapi
</name>
        <description><![CDATA[Bill & Amy Todd<br>www.horsemotel.com/California.html#bat<br>Tel: 661-645-2088]]></description>
        <styleUrl>#icon-960-DB4436</styleUrl>
        <Point>
          <coordinates>
            -118.510211,35.126451,0
          </coordinates>
        </Point>
      </Placemark>
      <Placemark>
        <name>CA - Temecula</name>
        <description><![CDATA[Hacienda Laubela, LLC<br>www.horsemotel.com/California.html#hll<br>Tel: 951-746-7309]]></description>
        <styleUrl>#icon-960-DB4436</styleUrl>
        <Point>
          <coordinates>
            -117.131888888889,33.4811388888889,0
          </coordinates>
        </Point>
      </Placemark>
      <Placemark>
        <name>CA - Templeton
</name>
        <description><![CDATA[Gentle Winds Ranch<br>www.horsemotel.com/California.html#gwr<br>Tel: 650-400-3604]]></description>
        <styleUrl>#icon-960-DB4436</styleUrl>
        <Point>
          <coordinates>
            -120.713861111111,35.54425,0
          </coordinates>
        </Point>
      </Placemark>
      <Placemark>
        <name>CA - Three Rivers</name>
        <description><![CDATA[Boswell Kennel & Stable<br>www.horsemotel.com/California.html#bks<br>Tel: 559-553-3931]]></description>
        <styleUrl>#icon-960-DB4436</styleUrl>
        <Point>
          <coordinates>
            -118.91925,36.4698888888889,0
          </coordinates>
        </Point>
      </Placemark>
      <Placemark>
        <name>CA - Yreka</name>
        <description><![CDATA[Double H Ranch<br>www.horsemotel.com/California.html#hhr<br>Tel: 530-598-9722]]></description>
        <styleUrl>#icon-960-DB4436</styleUrl>
        <Point>
          <coordinates>
            -122.634166666667,41.7309722222222,0
          </coordinates>
        </Point>
      </Placemark>
      <Placemark>
        <name>CA - Yuba City
</name>
        <description><![CDATA[Sutter Buttes Polo Club<br>www.horsemotel.com/California.html#sbp<br>Tel: 530-306-1058]]></description>
        <styleUrl>#icon-960-DB4436</styleUrl>
        <Point>
          <coordinates>
            -121.609117,39.007042,0
          </coordinates>
        </Point>
      </Placemark>
      <Placemark>
        <name>CA - Yucaipa</name>
        <description><![CDATA[Parkinson Ranch<br>www.horsemotel.com/California.html#pkr<br>Tel: 909-224-3191]]></description>
        <styleUrl>#icon-960-DB4436</styleUrl>
        <Point>
          <coordinates>
            -117.05643,34.03407,0
          </coordinates>
        </Point>
      </Placemark>
      <Placemark>
        <name>CO - Aurora/Watkins</name>
        <description><![CDATA[Big Iron Ranch<br>www.horsemotel.com/Colorado.html#bir<br>Tel: 303-344-5009]]></description>
        <styleUrl>#icon-960-DB4436</styleUrl>
        <Point>
          <coordinates>
            -104.577722,39.710278,0
          </coordinates>
        </Point>
      </Placemark>
      <Placemark>
        <name>CO - Bennett</name>
        <description><![CDATA[Lost Creek Acres Horse Boarding and Hoteling<br>www.horsemotel.com/Colorado.html#lca<br>Tel: 719-440-1344]]></description>
        <styleUrl>#icon-960-DB4436</styleUrl>
        <Point>
          <coordinates>
            -104.527148,39.719825,0
          </coordinates>
        </Point>
      </Placemark>
      <Placemark>
        <name>CO - Bennett</name>
        <description><![CDATA[Elevate Ranch<br>www.horsemotel.com/Colorado.html#evr<br>Tel: 303-644-9333]]></description>
        <styleUrl>#icon-960-DB4436</styleUrl>
        <Point>
          <coordinates>
            -104.527361111111,39.6975833333333,0
          </coordinates>
        </Point>
      </Placemark>
      <Placemark>
        <name>CO - Broomfield</name>
        <description><![CDATA[Andersen Farms<br>www.horsemotel.com/Colorado.html#anf<br>Tel: 720-201-4672 or 720-331-3760]]></description>
        <styleUrl>#icon-960-DB4436</styleUrl>
        <Point>
          <coordinates>
            -104.974589,39.986469,0
          </coordinates>
        </Point>
      </Placemark>
      <Placemark>
        <name>CO  Canon City</name>
        <description><![CDATA[Mondorosa Bed & Barn<br>www.horsemotel.com/Colorado.html#mbb<br>Tel: 312-446-4736]]></description>
        <styleUrl>#icon-960-DB4436</styleUrl>
        <Point>
          <coordinates>
            -105.403861111111,38.6575555555556,0
          </coordinates>
        </Point>
      </Placemark>
      <Placemark>
        <name>CO - Cimarron</name>
        <description><![CDATA[Higher Ground Horsemanship & Performance Horses<br>www.horsemotel.com/Colorado.html#hgh<br>Tel: 970-596-0911]]></description>
        <styleUrl>#icon-960-DB4436</styleUrl>
        <Point>
          <coordinates>
            -107.587722222222,38.3639444444444,0
          </coordinates>
        </Point>
      </Placemark>
      <Placemark>
        <name>CO - Colorado Springs</name>
        <description><![CDATA[Indigo Winds Farm<br>www.horsemotel.com/Colorado.html#iwf<br>Tel: 719-717-0202]]></description>
        <styleUrl>#icon-960-DB4436</styleUrl>
        <Point>
          <coordinates>
            -104.47805,38.68366,0
          </coordinates>
        </Point>
      </Placemark>
      <Placemark>
        <name>CO - Eaton
</name>
        <description><![CDATA[Double Check Arena<br>www.horsemotel.com/Colorado.html#dca<br>Tel: 970-284-5555]]></description>
        <styleUrl>#icon-960-DB4436</styleUrl>
        <Point>
          <coordinates>
            -104.658733,40.545335,0
          </coordinates>
        </Point>
      </Placemark>
      <Placemark>
        <name>CO - Ellicott</name>
        <description><![CDATA[Amazing Grace Ranch, LLC<br>www.horsemotel.com/Colorado.html#agr<br>Tel: 719-460-6361]]></description>
        <styleUrl>#icon-960-DB4436</styleUrl>
        <Point>
          <coordinates>
            -104.38764,38.86154,0
          </coordinates>
        </Point>
      </Placemark>
      <Placemark>
        <name>CO - Fort Collins</name>
        <description><![CDATA[Turtle Creek Farm, LLC<br>www.horsemotel.com/Colorado.html#tcf<br>Tel: 970-215-3536]]></description>
        <styleUrl>#icon-960-DB4436</styleUrl>
        <Point>
          <coordinates>
            -104.9265,40.59211,0
          </coordinates>
        </Point>
      </Placemark>
      <Placemark>
        <name>CO - Hesperus
</name>
        <description><![CDATA[Salt of the Earth Ranch, LLC<br>www.horsemotel.com/Colorado.html#ser<br>Tel: 814-795-4757]]></description>
        <styleUrl>#icon-960-DB4436</styleUrl>
        <Point>
          <coordinates>
            -108.146111111111,37.1787777777778,0
          </coordinates>
        </Point>
      </Placemark>
      <Placemark>
        <name>CO - Hotchkiss</name>
        <description><![CDATA[United Country Colorado Brokers/ AirbnB<br>www.horsemotel.com/Colorado.html#ucc<br>Tel: 970-640-2741]]></description>
        <styleUrl>#icon-960-DB4436</styleUrl>
        <Point>
          <coordinates>
            -107.773527777778,38.8001944444444,0
          </coordinates>
        </Point>
      </Placemark>
      <Placemark>
        <name>CO - Loveland</name>
        <description><![CDATA[Riding2horses Farm<br>www.horsemotel.com/Colorado.html#rth<br>Tel: 307-640-9222]]></description>
        <styleUrl>#icon-960-DB4436</styleUrl>
        <Point>
          <coordinates>
            -105.028444444444,40.3639722222222,0
          </coordinates>
        </Point>
      </Placemark>
      <Placemark>
        <name>CO - Mancos</name>
        <description><![CDATA[Hobo's Hideout Bed Breakfast and Barn<br>www.horsemotel.com/Colorado.html#hobo<br>Tel: 970-560-3070]]></description>
        <styleUrl>#icon-960-DB4436</styleUrl>
        <Point>
          <coordinates>
            -108.3493,37.39655,0
          </coordinates>
        </Point>
      </Placemark>
      <Placemark>
        <name>CO - Mesa</name>
        <description><![CDATA[Grand Mesa Stay With Your Horses<br>www.horsemotel.com/Colorado.html#gms<br>Tel: 970-773-8390]]></description>
        <styleUrl>#icon-960-DB4436</styleUrl>
        <Point>
          <coordinates>
            -108.154083333333,39.1378055555556,0
          </coordinates>
        </Point>
      </Placemark>
      <Placemark>
        <name>CO - Pagosa Springs</name>
        <description><![CDATA[Elktrace Bed and Breakfast<br>www.horsemotel.com/Colorado.html#ebb<br>Tel: 970-731-5868]]></description>
        <styleUrl>#icon-960-DB4436</styleUrl>
        <Point>
          <coordinates>
            -107.088376,37.300098,0
          </coordinates>
        </Point>
      </Placemark>
      <Placemark>
        <name>CO - Parker</name>
        <description><![CDATA[Mimosa Ridge, LLC<br>www.horsemotel.com/Colorado.html#mrl<br>Tel: 512-413-6471]]></description>
        <styleUrl>#icon-960-DB4436</styleUrl>
        <Point>
          <coordinates>
            -104.763333333333,39.5083055555556,0
          </coordinates>
        </Point>
      </Placemark>
      <Placemark>
        <name>CO - Parker</name>
        <description><![CDATA[Sunset Pines<br>www.horsemotel.com/Colorado.html#mlr<br>Tel: 720-320-7255]]></description>
        <styleUrl>#icon-960-DB4436</styleUrl>
        <Point>
          <coordinates>
            -104.624,39.4866666666667,0
          </coordinates>
        </Point>
      </Placemark>
      <Placemark>
        <name>CO - Pueblo</name>
        <description><![CDATA[Greenhorn Horse Hotel<br>www.horsemotel.com/Colorado.html#greenhorn<br>Tel: 719-924-0341]]></description>
        <styleUrl>#icon-960-DB4436</styleUrl>
        <Point>
          <coordinates>
            -104.76582,37.99292,0
          </coordinates>
        </Point>
      </Placemark>
      <Placemark>
        <name>CO - Rifle</name>
        <description><![CDATA[Tally Ho Horse Hotel<br>www.horsemotel.com/Colorado.html#ho<br>Tel: 970-379-3814]]></description>
        <styleUrl>#icon-960-DB4436</styleUrl>
        <Point>
          <coordinates>
            -107.70975,39.5483,0
          </coordinates>
        </Point>
      </Placemark>
      <Placemark>
        <name>CO - Salida
</name>
        <description><![CDATA[J Bar Equestrian<br>www.horsemotel.com/Colorado.html#jbe<br>Tel: 970-901-9507]]></description>
        <styleUrl>#icon-960-DB4436</styleUrl>
        <Point>
          <coordinates>
            -106.105555555556,38.5217777777778,0
          </coordinates>
        </Point>
      </Placemark>
      <Placemark>
        <name>CO - Steamboat Springs
</name>
        <description><![CDATA[Thor's Horse BnB and Icelandic Rescue<br>www.horsemotel.com/Colorado.html#thb<br>Tel: 309-236-2672]]></description>
        <styleUrl>#icon-960-DB4436</styleUrl>
        <Point>
          <coordinates>
            -107.058305555556,40.6141388888889,0
          </coordinates>
        </Point>
      </Placemark>
      <Placemark>
        <name>CO - Steamboat Springs</name>
        <description><![CDATA[Ranch West<br>www.horsemotel.com/Colorado.html#rwt<br>Tel: 970-761-0679]]></description>
        <styleUrl>#icon-960-DB4436</styleUrl>
        <Point>
          <coordinates>
            -106.95666,40.42836,0
          </coordinates>
        </Point>
      </Placemark>
      <Placemark>
        <name>CO - Watkins</name>
        <description><![CDATA[Koda Ranch<br>www.horsemotel.com/Colorado.html#kdr<br>Tel: 720-998-2163]]></description>
        <styleUrl>#icon-960-DB4436</styleUrl>
        <Point>
          <coordinates>
            -104.583361111111,39.6960833333333,0
          </coordinates>
        </Point>
      </Placemark>
      <Placemark>
        <name>CO - Wellington</name>
        <description><![CDATA[Interstate Stables<br>www.horsemotel.com/Colorado.html#interstate<br>Tel: 970-484-5082 or 970-218-1727]]></description>
        <styleUrl>#icon-960-DB4436</styleUrl>
        <Point>
          <coordinates>
            -104.98889,40.7335,0
          </coordinates>
        </Point>
      </Placemark>
      <Placemark>
        <name>CO - Wellington
</name>
        <description><![CDATA[Ravens Roost Ranch<br>www.horsemotel.com/Colorado.html#rrr<br>Tel: 517-852-4484]]></description>
        <styleUrl>#icon-960-DB4436</styleUrl>
        <Point>
          <coordinates>
            -104.998535,40.705189,0
          </coordinates>
        </Point>
      </Placemark>
      <Placemark>
        <name>CO - Weston
</name>
        <description><![CDATA[Ironstar Outpost West<br>www.horsemotel.com/Colorado.html#iow<br>Tel: 443-676-3811]]></description>
        <styleUrl>#icon-960-DB4436</styleUrl>
        <Point>
          <coordinates>
            -104.955611111111,37.2899166666667,0
          </coordinates>
        </Point>
      </Placemark>
      <Placemark>
        <name>CO - Woodland Park
</name>
        <description><![CDATA[Aspenwood Stables<br>www.horsemotel.com/Colorado.html#aws<br>Tel: 661-675-5346]]></description>
        <styleUrl>#icon-960-DB4436</styleUrl>
        <Point>
          <coordinates>
            -105.072701,39.03057,0
          </coordinates>
        </Point>
      </Placemark>
      <Placemark>
        <name>CT - New Milford</name>
        <description><![CDATA[Candlelight Farms Inn and the Hangar at Candlelight Farms<br>www.horsemotel.com/Connecticut.html#cfi<br>Tel: 860-210-0594]]></description>
        <styleUrl>#icon-960-DB4436</styleUrl>
        <Point>
          <coordinates>
            -73.453724,41.567743,0
          </coordinates>
        </Point>
      </Placemark>
      <Placemark>
        <name>CT - Oxford</name>
        <description><![CDATA[S & A Farm, LLC<br>www.horsemotel.com/Connecticut.html#saa<br>Tel: 203-910-4008]]></description>
        <styleUrl>#icon-960-DB4436</styleUrl>
        <Point>
          <coordinates>
            -73.155333,41.473611,0
          </coordinates>
        </Point>
      </Placemark>
      <Placemark>
        <name>CT - Windham
</name>
        <description><![CDATA[Silver Bear Farm<br>www.horsemotel.com/Connecticut.html#sbf<br>Tel: 860-208-8734]]></description>
        <styleUrl>#icon-960-DB4436</styleUrl>
        <Point>
          <coordinates>
            -72.143696,41.684553,0
          </coordinates>
        </Point>
      </Placemark>
      <Placemark>
        <name>DE - Greenwood
</name>
        <description><![CDATA[Boone's Farm<br>www.horsemotel.com/Delaware.html#bsf<br>Tel: 410-340-6818]]></description>
        <styleUrl>#icon-960-DB4436</styleUrl>
        <Point>
          <coordinates>
            -75.6814166666667,38.8299444444445,0
          </coordinates>
        </Point>
      </Placemark>
      <Placemark>
        <name>DE - Milford
</name>
        <description><![CDATA[Iona Stables and Inn<br>www.horsemotel.com/Deleware.html#isi<br>Tel: 302-542-8138]]></description>
        <styleUrl>#icon-960-DB4436</styleUrl>
        <Point>
          <coordinates>
            -75.350415,38.879236,0
          </coordinates>
        </Point>
      </Placemark>
      <Placemark>
        <name>FL - Anthony
</name>
        <description><![CDATA[Dusty Rose Farm<br>www.horsemotel.com/Florida.html#drf<br>Tel: 636-751-1200]]></description>
        <styleUrl>#icon-960-DB4436</styleUrl>
        <Point>
          <coordinates>
            -82.0869166666667,29.3118611111111,0
          </coordinates>
        </Point>
      </Placemark>
      <Placemark>
        <name>FL - Brooksville</name>
        <description><![CDATA[Spotted Dance Ranch<br>www.horsemotel.com/Florida.html#spotted<br>Tel: 352-442-2737 or 813-482-4028]]></description>
        <styleUrl>#icon-960-DB4436</styleUrl>
        <Point>
          <coordinates>
            -82.25539,28.53346,0
          </coordinates>
        </Point>
      </Placemark>
      <Placemark>
        <name>FL - Brooksville</name>
        <description><![CDATA[Cozy Cabin<br>www.horsemotel.com/Florida.html#czc<br>Tel: <br>E-mail: celerynancy@gmail.com]]></description>
        <styleUrl>#icon-960-DB4436</styleUrl>
        <Point>
          <coordinates>
            -82.3285,28.6024722222222,0
          </coordinates>
        </Point>
      </Placemark>
      <Placemark>
        <name>FL - Defuniak</name>
        <description><![CDATA[P&V Farms<br>www.horsemotel.com/Florida.html#pvf<br>Tel: 850-596-6874]]></description>
        <styleUrl>#icon-960-DB4436</styleUrl>
        <Point>
          <coordinates>
            -86.0883888888889,30.8176944444444,0
          </coordinates>
        </Point>
      </Placemark>
      <Placemark>
        <name>FL - Freeport
</name>
        <description><![CDATA[Coastal Haven Stables<br>www.horsemotel.com/Florida.html#chs<br>Tel: 850-543-8570]]></description>
        <styleUrl>#icon-960-DB4436</styleUrl>
        <Point>
          <coordinates>
            -86.279901,30.484361,0
          </coordinates>
        </Point>
      </Placemark>
      <Placemark>
        <name>FL - McAlpin</name>
        <description><![CDATA[Durham Farms<br>www.horsemotel.com/Florida.html#durham<br>Tel: 215-962-9173]]></description>
        <styleUrl>#icon-960-DB4436</styleUrl>
        <Point>
          <coordinates>
            -82.98293,30.14681,0
          </coordinates>
        </Point>
      </Placemark>
      <Placemark>
        <name>FL - Melrose
</name>
        <description><![CDATA[Tickety Boo Farm, LLC<br>https://www.horsemotel.com/Florida.html#tbf<br>Tel: 386-847-4642]]></description>
        <styleUrl>#icon-960-DB4436</styleUrl>
        <Point>
          <coordinates>
            -81.920946,29.743348,0
          </coordinates>
        </Point>
      </Placemark>
      <Placemark>
        <name>FL - Milton</name>
        <description><![CDATA[Green Acres Stables<br>www.horsemotel.com/Florida.html#green<br>Tel: 850-207-2986]]></description>
        <styleUrl>#icon-960-DB4436</styleUrl>
        <Point>
          <coordinates>
            -87.06534,30.50183,0
          </coordinates>
        </Point>
      </Placemark>
      <Placemark>
        <name>FL - Milton
</name>
        <description><![CDATA[RESTABITFARM<br>www.horsemotel.com/Florida.html#rbf<br>Tel: 609-634-3402]]></description>
        <styleUrl>#icon-960-DB4436</styleUrl>
        <Point>
          <coordinates>
            -87.10925,30.560722,0
          </coordinates>
        </Point>
      </Placemark>
      <Placemark>
        <name>FL - New Smyrna Beach</name>
        <description><![CDATA[Flying B Ranch<br>www.horsemotel.com/Florida.html#b<br>Tel: 386 478-1244]]></description>
        <styleUrl>#icon-960-DB4436</styleUrl>
        <Point>
          <coordinates>
            -81.05183,29.05365,0
          </coordinates>
        </Point>
      </Placemark>
      <Placemark>
        <name>FL - Ocala</name>
        <description><![CDATA[Sundry Farm<br>www.horsemotel.com/Florida.html#sundry<br>Tel: 352-547-6665]]></description>
        <styleUrl>#icon-960-DB4436</styleUrl>
        <Point>
          <coordinates>
            -82.1822,29.25469,0
          </coordinates>
        </Point>
      </Placemark>
      <Placemark>
        <name>FL - Ocala</name>
        <description><![CDATA[Dunwirkyn Farm, LLC<br>www.horsemotel.com/Florida.html#dwf<br>Tel: 352-693-0179]]></description>
        <styleUrl>#icon-960-DB4436</styleUrl>
        <Point>
          <coordinates>
            -82.131409,29.31924,0
          </coordinates>
        </Point>
      </Placemark>
      <Placemark>
        <name>FL - Ocala
</name>
        <description><![CDATA[HTH Farms<br>www.horsemotel.com/Florida.html#hth<br>Tel: 352-877-2484 or 561-281-8599]]></description>
        <styleUrl>#icon-960-DB4436</styleUrl>
        <Point>
          <coordinates>
            -82.296735,29.187155,0
          </coordinates>
        </Point>
      </Placemark>
      <Placemark>
        <name>FL - Ocala
</name>
        <description><![CDATA[Equestrian Training Center of Ocala<br>www.horsemotel.com/Florida.html#etc<br>Tel: 678-777-4859]]></description>
        <styleUrl>#icon-960-DB4436</styleUrl>
        <Point>
          <coordinates>
            -82.172569,29.278728,0
          </coordinates>
        </Point>
      </Placemark>
      <Placemark>
        <name>FL - Ocala
</name>
        <description><![CDATA[Villa Azure<br>www.horsemotel.com/Florida.html#vaz<br>Tel: 727-217-5772]]></description>
        <styleUrl>#icon-960-DB4436</styleUrl>
        <Point>
          <coordinates>
            -82.1689166666667,29.0829166666667,0
          </coordinates>
        </Point>
      </Placemark>
      <Placemark>
        <name>FL - Pace
</name>
        <description><![CDATA[Steel Magnolias Equine and Canine Aquatic Center<br>www.horsemotel.com/Florida.html#sme<br>Tel: 850-304-4381]]></description>
        <styleUrl>#icon-960-DB4436</styleUrl>
        <Point>
          <coordinates>
            -87.156667,30.642259,0
          </coordinates>
        </Point>
      </Placemark>
      <Placemark>
        <name>FL - Pensacola
</name>
        <description><![CDATA[Mandeville Oaks Stables<br>www.horsemotel.com/Florida.html#mos<br>Tel: 850-449-8591]]></description>
        <styleUrl>#icon-960-DB4436</styleUrl>
        <Point>
          <coordinates>
            -87.3121111111111,30.4940833333333,0
          </coordinates>
        </Point>
      </Placemark>
      <Placemark>
        <name>FL- Tallahassee</name>
        <description><![CDATA[H.E.C.K. Ranch<br>www.horsemotel.com/Florida.html#heck<br>Tel: 850-688-5758, 850-251-9329, <br>850-894-9138 or 850-251-9894]]></description>
        <styleUrl>#icon-960-DB4436</styleUrl>
        <Point>
          <coordinates>
            -84.0110833333333,30.5287222222222,0
          </coordinates>
        </Point>
      </Placemark>
      <Placemark>
        <name>FL - Tallahassee</name>
        <description><![CDATA[Mahan Farm<br>www.horsemotel.com/Florida.html#mahan<br>Tel: 850-528-1267]]></description>
        <styleUrl>#icon-960-DB4436</styleUrl>
        <Point>
          <coordinates>
            -84.13693,30.49051,0
          </coordinates>
        </Point>
      </Placemark>
      <Placemark>
        <name>GA - Ashburn</name>
        <description><![CDATA[E-Bar-W Ranch<br>www.horsemotel.com/Georgia.html#ebarw<br>Tel: 229-566-3095]]></description>
        <styleUrl>#icon-960-DB4436</styleUrl>
        <Point>
          <coordinates>
            -83.6523,31.70509,0
          </coordinates>
        </Point>
      </Placemark>
      <Placemark>
        <name>GA - Brunswick
</name>
        <description><![CDATA[Shady Oaks Stables<br>www.horsemotel.com/Georgia.html#sos<br>Tel: 912-222-7840]]></description>
        <styleUrl>#icon-960-DB4436</styleUrl>
        <Point>
          <coordinates>
            -81.548426,31.297289,0
          </coordinates>
        </Point>
      </Placemark>
      <Placemark>
        <name>GA - Brunswick
</name>
        <description><![CDATA[Golden Isles Riding Academy<br>www.horsemotel.com/Georgia.html#gir<br>Tel: 912-506-3325]]></description>
        <styleUrl>#icon-960-DB4436</styleUrl>
        <Point>
          <coordinates>
            -81.621902,31.168738,0
          </coordinates>
        </Point>
      </Placemark>
      <Placemark>
        <name>GA - Buena Vista</name>
        <description><![CDATA[Anthem Ranch<br>www.horsemotel.com/Georgia.html#atr<br>Tel: 321-274-2044]]></description>
        <styleUrl>#icon-960-DB4436</styleUrl>
        <Point>
          <coordinates>
            -84.5623888888889,32.3506944444444,0
          </coordinates>
        </Point>
      </Placemark>
      <Placemark>
        <name>GA - Forsythe
</name>
        <description><![CDATA[Raise A Glass Ranch<br>www.horsemotel.com/Georgia.html#rag<br>Tel: 916-430-9750]]></description>
        <styleUrl>#icon-960-DB4436</styleUrl>
        <Point>
          <coordinates>
            -83.899086,33.185003,0
          </coordinates>
        </Point>
      </Placemark>
      <Placemark>
        <name>GA - Guyton
</name>
        <description><![CDATA[Along for the Ride<br>www.horsemotel.com/Georgia.html#aft<br>Tel: 912-531-9434]]></description>
        <styleUrl>#icon-960-DB4436</styleUrl>
        <Point>
          <coordinates>
            -81.420056,32.37625,0
          </coordinates>
        </Point>
      </Placemark>
      <Placemark>
        <name>GA - Homer</name>
        <description><![CDATA[Alliance Horsemanship, LLC<br>www.horsemotel.com/Georgia.html#ahl<br>Tel: 706-499-3758]]></description>
        <styleUrl>#icon-960-DB4436</styleUrl>
        <Point>
          <coordinates>
            -83.4811388888889,34.3407222222222,0
          </coordinates>
        </Point>
      </Placemark>
      <Placemark>
        <name>GA - Johns Creek</name>
        <description><![CDATA[Frogcatcher Farm, LLC<br>www.horsemotel.com/Georgia.html#frog<br>Tel: 404-626-5137]]></description>
        <styleUrl>#icon-960-DB4436</styleUrl>
        <Point>
          <coordinates>
            -84.21155,34.02494,0
          </coordinates>
        </Point>
      </Placemark>
      <Placemark>
        <name>GA - Leesburg
</name>
        <description><![CDATA[The Horse Motel, Leesburg GA<br>www.horsemotel.com/Georgia.html#thm<br>Tel: 407-395-3863]]></description>
        <styleUrl>#icon-960-DB4436</styleUrl>
        <Point>
          <coordinates>
            -84.171603,31.732593,0
          </coordinates>
        </Point>
      </Placemark>
      <Placemark>
        <name>GA - Locust Grove</name>
        <description><![CDATA[Goose Chase Farm, LLC<br>www.horsemotel.com/Georgia.html#gc<br>Tel: 770-868-7847]]></description>
        <styleUrl>#icon-960-DB4436</styleUrl>
        <Point>
          <coordinates>
            -84.1089,33.37387,0
          </coordinates>
        </Point>
      </Placemark>
      <Placemark>
        <name>GA - Resaca</name>
        <description><![CDATA[Lightning P Ranch<br>www.horsemotel.com/Georgia.html#p<br>Tel: 706-676-8430]]></description>
        <styleUrl>#icon-960-DB4436</styleUrl>
        <Point>
          <coordinates>
            -84.88027,34.61548,0
          </coordinates>
        </Point>
      </Placemark>
      <Placemark>
        <name>GA - Richland
</name>
        <description><![CDATA[The Sky Is Not The Limit Farm<br>www.horsemotel.com/Georgia.html#tsi<br>Tel: 229-321-8886]]></description>
        <styleUrl>#icon-960-DB4436</styleUrl>
        <Point>
          <coordinates>
            -84.6461388888889,31.97625,0
          </coordinates>
        </Point>
      </Placemark>
      <Placemark>
        <name>GA - Statesboro</name>
        <description><![CDATA[Friendship Family Farms<br>www.horsemotel.com/Georgia.html#fff<br>Tel: 912-667-5271]]></description>
        <styleUrl>#icon-960-DB4436</styleUrl>
        <Point>
          <coordinates>
            -81.8418055555556,32.5055833333333,0
          </coordinates>
        </Point>
      </Placemark>
      <Placemark>
        <name>GA - Sylvania</name>
        <description><![CDATA[Copperhill Farm, LLC<br>www.horsemotel.com/Georgia.html#chf<br>Tel: 912-663-5036]]></description>
        <styleUrl>#icon-960-DB4436</styleUrl>
        <Point>
          <coordinates>
            -81.5881944444444,32.8986388888889,0
          </coordinates>
        </Point>
      </Placemark>
      <Placemark>
        <name>GA - Thomson</name>
        <description><![CDATA[Cedar Rock Farm<br>www.horsemotel.com/Georgia.html#crf<br>Tel: 706-831-6564]]></description>
        <styleUrl>#icon-960-DB4436</styleUrl>
        <Point>
          <coordinates>
            -82.52755,33.48484,0
          </coordinates>
        </Point>
      </Placemark>
      <Placemark>
        <name>GA - Tyrone
</name>
        <description><![CDATA[Trickum Creek Ranch<br>www.horsemotel.com/Georgia.html#tcr<br>Tel: 404-663-0514]]></description>
        <styleUrl>#icon-960-DB4436</styleUrl>
        <Point>
          <coordinates>
            -84.6067777777778,33.4965833333333,0
          </coordinates>
        </Point>
      </Placemark>
      <Placemark>
        <name>GA - Unadilla</name>
        <description><![CDATA[Southeastern Arena, LLC<br>www.horsemotel.com/Georgia.html#south<br>Tel: 478-627-2727 or 330- 465-6908]]></description>
        <styleUrl>#icon-960-DB4436</styleUrl>
        <Point>
          <coordinates>
            -83.73872,32.23627,0
          </coordinates>
        </Point>
      </Placemark>
      <Placemark>
        <name>GA - Valdosta</name>
        <description><![CDATA[Windy Willow Stables<br>www.horsemotel.com/Georgia.html#windy<br>Tel: 229-560-2738]]></description>
        <styleUrl>#icon-960-DB4436</styleUrl>
        <Point>
          <coordinates>
            -83.39407,30.7396,0
          </coordinates>
        </Point>
      </Placemark>
      <Placemark>
        <name>ID - Athol</name>
        <description><![CDATA[Careywood Creek Ranch<br>www.horsemotel.com/Idaho.html#ccr<br>Tel: 360-982-1316]]></description>
        <styleUrl>#icon-960-DB4436</styleUrl>
        <Point>
          <coordinates>
            -116.614388888889,48.0160555555556,0
          </coordinates>
        </Point>
      </Placemark>
      <Placemark>
        <name>ID - Blackfoot
</name>
        <description><![CDATA[Snake River Arena<br>www.horsemotel.com/Idaho.html#sra<br>Tel: 208-230-4338]]></description>
        <styleUrl>#icon-960-DB4436</styleUrl>
        <Point>
          <coordinates>
            -112.347408,43.247511,0
          </coordinates>
        </Point>
      </Placemark>
      <Placemark>
        <name>ID - Driggs</name>
        <description><![CDATA['Ears The Place Equine Inn<br>www.horsemotel.com/Idaho.html#ears<br>Tel: 208 354-2471 or 208 201-8979]]></description>
        <styleUrl>#icon-960-DB4436</styleUrl>
        <Point>
          <coordinates>
            -111.10715,43.7814,0
          </coordinates>
        </Point>
      </Placemark>
      <Placemark>
        <name>ID - Emmett
</name>
        <description><![CDATA[Mini Acres Farm<br>www.horsemotel.com/Idaho.html#maf<br>Tel: 208-631-4587]]></description>
        <styleUrl>#icon-960-DB4436</styleUrl>
        <Point>
          <coordinates>
            -116.700972222222,43.8849444444444,0
          </coordinates>
        </Point>
      </Placemark>
      <Placemark>
        <name>ID - Glenns Ferry</name>
        <description><![CDATA[Elmore County Fairgrounds and Event Center<br>www.horsemotel.com/Idaho.html#ecf<br>Tel: 208-366-2964]]></description>
        <styleUrl>#icon-960-DB4436</styleUrl>
        <Point>
          <coordinates>
            -115.286391,42.959295,0
          </coordinates>
        </Point>
      </Placemark>
      <Placemark>
        <name>ID - Idaho Falls
</name>
        <description><![CDATA[Ellis Supreme Arabians<br>www.horsemotel.com/Idaho.html#ellis<br>Tel: 208-521-4473]]></description>
        <styleUrl>#icon-960-DB4436</styleUrl>
        <Point>
          <coordinates>
            -112.062139,43.410444,0
          </coordinates>
        </Point>
      </Placemark>
      <Placemark>
        <name>ID - Idaho Falls</name>
        <description><![CDATA[Cowboy Warrior Ranch<br>www.horsemotel.com/Idaho.html#cwr<br>Tel: 208-681-1059 or 208-360-6994]]></description>
        <styleUrl>#icon-960-DB4436</styleUrl>
        <Point>
          <coordinates>
            -112.023666666667,43.55775,0
          </coordinates>
        </Point>
      </Placemark>
      <Placemark>
        <name>ID - Kimberly</name>
        <description><![CDATA[Carol's Horse Motel<br>www.horsemotel.com/Idaho.html#l<br>Tel: 208-731-3557]]></description>
        <styleUrl>#icon-960-DB4436</styleUrl>
        <Point>
          <coordinates>
            -114.36476,42.53367,0
          </coordinates>
        </Point>
      </Placemark>
      <Placemark>
        <name>ID - Lava Hot Springs</name>
        <description><![CDATA[Hidden Dove Ranch<br>www.horsemotel.com/Idaho.html#hhr<br>Tel: 520-253-0732]]></description>
        <styleUrl>#icon-960-DB4436</styleUrl>
        <Point>
          <coordinates>
            -112.104898,42.616313,0
          </coordinates>
        </Point>
      </Placemark>
      <Placemark>
        <name>ID - McCall</name>
        <description><![CDATA[Warren Wagon Ranch<br>www.horsemotel.com/Idaho.html#wwr<br>Tel: 303-324-9044]]></description>
        <styleUrl>#icon-960-DB4436</styleUrl>
        <Point>
          <coordinates>
            -116.100888888889,44.9101111111111,0
          </coordinates>
        </Point>
      </Placemark>
      <Placemark>
        <name>ID - Meridian</name>
        <description><![CDATA[Laughing Horse Ranch<br>www.horsemotel.com/Idaho.html#lhr<br>Tel: 208-941-1367<br>or 208-870-2131]]></description>
        <styleUrl>#icon-960-DB4436</styleUrl>
        <Point>
          <coordinates>
            -116.35445,43.54043,0
          </coordinates>
        </Point>
      </Placemark>
      <Placemark>
        <name>ID - Meridian
</name>
        <description><![CDATA[Rafter H Arena & Horse Hotel<br>www.horsemotel.com/Idaho.html.rha<br>Tel: 208-869-0267]]></description>
        <styleUrl>#icon-960-DB4436</styleUrl>
        <Point>
          <coordinates>
            -116.433849,43.530028,0
          </coordinates>
        </Point>
      </Placemark>
      <Placemark>
        <name>ID - Nampa</name>
        <description><![CDATA[Dunn Rite Ranch<br>www.horsemotel.com/Idaho.html#drr<br>Tel: 208-718-0166]]></description>
        <styleUrl>#icon-960-DB4436</styleUrl>
        <Point>
          <coordinates>
            -116.473778,43.566528,0
          </coordinates>
        </Point>
      </Placemark>
      <Placemark>
        <name>ID - Rathdrum</name>
        <description><![CDATA[L&L Ranch<br>www.horsemotel.com/Idaho.html#llr<br>Tel:&nbsp;]]></description>
        <styleUrl>#icon-960-DB4436</styleUrl>
        <Point>
          <coordinates>
            -116.803083333333,47.8550833333333,0
          </coordinates>
        </Point>
      </Placemark>
      <Placemark>
        <name>ID - Rupert</name>
        <description><![CDATA[Broken H Ranch<br>https://www.horsemotel.com/Idaho.html#bhr<br>Tel: 702-353-9130]]></description>
        <styleUrl>#icon-960-DB4436</styleUrl>
        <Point>
          <coordinates>
            -113.692444444444,42.6580555555556,0
          </coordinates>
        </Point>
      </Placemark>
      <Placemark>
        <name>ID - Twin Falls</name>
        <description><![CDATA[3X Livestock<br>www.horsemotel.com/Idaho.html#xxx<br>Tel: 503-932-6110]]></description>
        <styleUrl>#icon-960-DB4436</styleUrl>
        <Point>
          <coordinates>
            -114.451751,42.490894,0
          </coordinates>
        </Point>
      </Placemark>
      <Placemark>
        <name>ID - Twin Falls</name>
        <description><![CDATA[High Desert Equestrian Center, LLC<br>www.horsemotel.com/Idaho.html#otter<br>Tel: 509-560-3634]]></description>
        <styleUrl>#icon-960-DB4436</styleUrl>
        <Point>
          <coordinates>
            -114.4516,42.48782,0
          </coordinates>
        </Point>
      </Placemark>
      <Placemark>
        <name>IL - Altamont</name>
        <description><![CDATA[Campground Stables<br>www.horsemotel.com/Illinois.html#campground<br>Tel: 618-267-6990]]></description>
        <styleUrl>#icon-960-DB4436</styleUrl>
        <Point>
          <coordinates>
            -88.7497,39.03594,0
          </coordinates>
        </Point>
      </Placemark>
      <Placemark>
        <name>IL - Annawan</name>
        <description><![CDATA[Klocken Fast Farm<br>www.horsemotel.com/Illinois.html#overnight]]></description>
        <styleUrl>#icon-960-DB4436</styleUrl>
        <Point>
          <coordinates>
            -89.8865,41.35058,0
          </coordinates>
        </Point>
      </Placemark>
      <Placemark>
        <name>IL - Bingham
</name>
        <description><![CDATA[Sommers Gate Farms<br>www.horsemotel.com/Illinois.html#sommers<br>Tel: 217-538-1188 or 618-593-0999]]></description>
        <styleUrl>#icon-960-DB4436</styleUrl>
        <Point>
          <coordinates>
            -89.201422,39.101039,0
          </coordinates>
        </Point>
      </Placemark>
      <Placemark>
        <name>IL - Cherry Valley
</name>
        <description><![CDATA[Victory Reigns Ranch Horse Hotel and Bed and Breakfast<br>www.horsemotel.com/Illinois.html#vrr<br>Tel: 608-346-1734]]></description>
        <styleUrl>#icon-960-DB4436</styleUrl>
        <Point>
          <coordinates>
            -88.948766,42.217032,0
          </coordinates>
        </Point>
      </Placemark>
      <Placemark>
        <name>IL - East Carondelet</name>
        <description><![CDATA[Horse Motel & Bunkhouse at Cement Hollow Equine Ctr<br>www.horsemotel.com/Illinois.html#hmb<br>Tel: 314-312-9678]]></description>
        <styleUrl>#icon-960-DB4436</styleUrl>
        <Point>
          <coordinates>
            -90.165088,38.491234,0
          </coordinates>
        </Point>
      </Placemark>
      <Placemark>
        <name>IL - Edwardsville</name>
        <description><![CDATA[Triangle H Farm<br>www.horsemotel.com/Illinois.html#h<br>Tel: 618-692-4823]]></description>
        <styleUrl>#icon-960-DB4436</styleUrl>
        <Point>
          <coordinates>
            -90.02577,38.85242,0
          </coordinates>
        </Point>
      </Placemark>
      <Placemark>
        <name>IL - Effingham</name>
        <description><![CDATA[Allen Quarter Horses<br>www.horsemotel.com/Illinois.html#allen<br>Tel: 217-343-9201]]></description>
        <styleUrl>#icon-960-DB4436</styleUrl>
        <Point>
          <coordinates>
            -88.54374,39.04219,0
          </coordinates>
        </Point>
      </Placemark>
      <Placemark>
        <name>IL - Effingham</name>
        <description><![CDATA[Pine Tree Stables<br>www.horsemotel.com/Illinois.html#pine<br>Tel: 217-868-5182 or 217-821-6456]]></description>
        <styleUrl>#icon-960-DB4436</styleUrl>
        <Point>
          <coordinates>
            -88.59403,39.14231,0
          </coordinates>
        </Point>
      </Placemark>
      <Placemark>
        <name>IL - Ewing
</name>
        <description><![CDATA[Wildfire Ranch<br>www.horsemotel.com/Illinois.html#wfr<br>Tel: 618-927-5853]]></description>
        <styleUrl>#icon-960-DB4436</styleUrl>
        <Point>
          <coordinates>
            -88.8213611111111,38.0485833333333,0
          </coordinates>
        </Point>
      </Placemark>
      <Placemark>
        <name>IL - Hampshire</name>
        <description><![CDATA[Dry Creek Performance Horses, LLC<br>www.horsemotel.com/Illinois.html#dcp<br>Tel: 847-514-7928]]></description>
        <styleUrl>#icon-960-DB4436</styleUrl>
        <Point>
          <coordinates>
            -88.5598055555556,42.1498611111111,0
          </coordinates>
        </Point>
      </Placemark>
      <Placemark>
        <name>IL - Manhattan
</name>
        <description><![CDATA[Berndt Racing Stable, Inc.<br>www.horsemotel.com/Illinois.html#brs<br>Tel: 815-370-7700]]></description>
        <styleUrl>#icon-960-DB4436</styleUrl>
        <Point>
          <coordinates>
            -87.9731666666667,41.3986666666667,0
          </coordinates>
        </Point>
      </Placemark>
      <Placemark>
        <name>IL - Maple Park
</name>
        <description><![CDATA[C & M Clydesdales, LLC<br>www.horsemotel.com/Illinois.html#cmc<br>Tel: 209-837-3534]]></description>
        <styleUrl>#icon-960-DB4436</styleUrl>
        <Point>
          <coordinates>
            -88.4913333333333,41.9356944444444,0
          </coordinates>
        </Point>
      </Placemark>
      <Placemark>
        <name>IL - Marseilles</name>
        <description><![CDATA[Woodland Meadows, LLC<br>www.horsemotel.com/Illinois.html#wdm<br>Tel: 15-343-6976]]></description>
        <styleUrl>#icon-960-DB4436</styleUrl>
        <Point>
          <coordinates>
            -88.67269,41.3395,0
          </coordinates>
        </Point>
      </Placemark>
      <Placemark>
        <name>IL - Mascoutah</name>
        <description><![CDATA[CW Equestrian Center, Inc.<br>www.horsemotel.com/Illinois.html#cwe<br>Tel: 618-910-7946]]></description>
        <styleUrl>#icon-960-DB4436</styleUrl>
        <Point>
          <coordinates>
            -89.723116,38.480583,0
          </coordinates>
        </Point>
      </Placemark>
      <Placemark>
        <name>IL - Mt. Vernon</name>
        <description><![CDATA[Rock N 4L Training Center<br>www.horsemotel.com/Illinois.html#rock<br>Tel: 618-244-0700]]></description>
        <styleUrl>#icon-960-DB4436</styleUrl>
        <Point>
          <coordinates>
            -88.97891,38.29094,0
          </coordinates>
        </Point>
      </Placemark>
      <Placemark>
        <name>IL - Ottawa
</name>
        <description><![CDATA[Jim & Katie Troccoli<br>www.horsemotel.com/Illinois.html#jkt<br>Tel: 815-228-2058]]></description>
        <styleUrl>#icon-960-DB4436</styleUrl>
        <Point>
          <coordinates>
            -88.830115,41.362623,0
          </coordinates>
        </Point>
      </Placemark>
      <Placemark>
        <name>IN - Osgood
</name>
        <description><![CDATA[Appy Trails<br>www.horsemotel.com/Indiana.html#apt<br>Tel: 812-569-6255]]></description>
        <styleUrl>#icon-960-DB4436</styleUrl>
        <Point>
          <coordinates>
            -85.250007,39.132866,0
          </coordinates>
        </Point>
      </Placemark>
      <Placemark>
        <name>IL - Paw Paw
</name>
        <description><![CDATA[Breaking Wind Farm<br>www.horsemotel.com/Illinois.html#bwf<br>Tel: 815-501-4647]]></description>
        <styleUrl>#icon-960-DB4436</styleUrl>
        <Point>
          <coordinates>
            -88.981278,41.688611,0
          </coordinates>
        </Point>
      </Placemark>
      <Placemark>
        <name>IL - Pontoon Beach
</name>
        <description><![CDATA[Gateway Stables<br>www.horsemotel.com/Illinois.html#gate<br>Tel: 618- 931-3527]]></description>
        <styleUrl>#icon-960-DB4436</styleUrl>
        <Point>
          <coordinates>
            -90.07526,38.71505,0
          </coordinates>
        </Point>
      </Placemark>
      <Placemark>
        <name>IL - Sandwich
</name>
        <description><![CDATA[The Running Wilde Ranch<br>www.horsemotel.com/Illinois.html#rwr<br>Tel: 561-385-1390]]></description>
        <styleUrl>#icon-960-DB4436</styleUrl>
        <Point>
          <coordinates>
            -88.640902,41.666175,0
          </coordinates>
        </Point>
      </Placemark>
      <Placemark>
        <name>IL - Sigel</name>
        <description><![CDATA[Coyote Creek Stables<br>www.horsemotel.com/Illinois.html#coyote<br>Tel: 217-821-7783]]></description>
        <styleUrl>#icon-960-DB4436</styleUrl>
        <Point>
          <coordinates>
            -88.48904,39.26544,0
          </coordinates>
        </Point>
      </Placemark>
      <Placemark>
        <name>IL- Tinley Park
</name>
        <description><![CDATA[Forest View Farms<br>www.horsemotel.com/Illinois.html#fvf<br>Tel: 708-560-0306]]></description>
        <styleUrl>#icon-960-DB4436</styleUrl>
        <Point>
          <coordinates>
            -87.747463,41.587632,0
          </coordinates>
        </Point>
      </Placemark>
      <Placemark>
        <name>IL - Vienna
</name>
        <description><![CDATA[Rocky Road Arena<br>www.horsemotel.com/Illinois#rra<br>Tel: 404-406-0326]]></description>
        <styleUrl>#icon-960-DB4436</styleUrl>
        <Point>
          <coordinates>
            -88.892679,37.433206,0
          </coordinates>
        </Point>
      </Placemark>
      <Placemark>
        <name>IL - Watson</name>
        <description><![CDATA[Freckled Pony Farm<br>www.horsemotel.com/Illinois.html#fpf<br>Tel: 217-343-6912]]></description>
        <styleUrl>#icon-960-DB4436</styleUrl>
        <Point>
          <coordinates>
            -88.6036111111111,39.0198055555556,0
          </coordinates>
        </Point>
      </Placemark>
      <Placemark>
        <name>IN - Angola</name>
        <description><![CDATA[Jennifer Ferrell<br>www.horsemotel.com/Indiana.html#jfl<br>Tel: 260-579-6655]]></description>
        <styleUrl>#icon-960-DB4436</styleUrl>
        <Point>
          <coordinates>
            -84.939,41.5941388888889,0
          </coordinates>
        </Point>
      </Placemark>
      <Placemark>
        <name>IN - Charlestown
</name>
        <description><![CDATA[Jackspur Ranch<br>www.horsemotel.com/Indiana.html#jsr<br>Tel: tel:502-525-3013]]></description>
        <styleUrl>#icon-960-DB4436</styleUrl>
        <Point>
          <coordinates>
            -85.6022777777778,38.4880277777778,0
          </coordinates>
        </Point>
      </Placemark>
      <Placemark>
        <name>IN - Chrisney
</name>
        <description><![CDATA[3-2-1 Ranch<br>www.horsemotel.com/Indiana.html#sqh<br>Tel: 702-757-8146]]></description>
        <styleUrl>#icon-960-DB4436</styleUrl>
        <Point>
          <coordinates>
            -87.008406,38.022124,0
          </coordinates>
        </Point>
      </Placemark>
      <Placemark>
        <name>IN - Cloverdale</name>
        <description><![CDATA[C Bar C Expo Center, LLC<br>www.horsemotel.com/Indiana.html#cbc<br>Tel: 765-720-3251]]></description>
        <styleUrl>#icon-960-DB4436</styleUrl>
        <Point>
          <coordinates>
            -86.8199166666667,39.5261388888889,0
          </coordinates>
        </Point>
      </Placemark>
      <Placemark>
        <name>IN - Cloverdale</name>
        <description><![CDATA[Silver Feathers Acres, LLC<br>www.horsemotel.com/Indiana.html#sfa<br>Tel: 317-982-2627]]></description>
        <styleUrl>#icon-960-DB4436</styleUrl>
        <Point>
          <coordinates>
            -86.85088,39.49225,0
          </coordinates>
        </Point>
      </Placemark>
      <Placemark>
        <name>IN - Columbus</name>
        <description><![CDATA[Goodestock Ranch <br>www.horsemotel.com/Indiana.html#gsr<br>Tel: 812-343-9084]]></description>
        <styleUrl>#icon-960-DB4436</styleUrl>
        <Point>
          <coordinates>
            -85.988989,39.244502,0
          </coordinates>
        </Point>
      </Placemark>
      <Placemark>
        <name>IN - Franklin</name>
        <description><![CDATA[JML Arena<br>www.horsemotel.com/Indiana.html#jml<br>Tel: 317-296-0522]]></description>
        <styleUrl>#icon-960-DB4436</styleUrl>
        <Point>
          <coordinates>
            -86.0983,39.42075,0
          </coordinates>
        </Point>
      </Placemark>
      <Placemark>
        <name>IN - Kendalville</name>
        <description><![CDATA[Barnard Performance Horses AND <br>Tri-State Veterinary Clinic & Equine Center<br>www.horsemotel.com/Indiana.html#bph<br>Tel: 260-347-5777]]></description>
        <styleUrl>#icon-960-DB4436</styleUrl>
        <Point>
          <coordinates>
            -85.29027,41.44016,0
          </coordinates>
        </Point>
      </Placemark>
      <Placemark>
        <name>IN - Lafayette
</name>
        <description><![CDATA[Katavela Farms<br>https://www.horsemotel.com/Indiana.html#kvf<br>Tel: 765-404-6482]]></description>
        <styleUrl>#icon-960-DB4436</styleUrl>
        <Point>
          <coordinates>
            -86.756694,40.401167,0
          </coordinates>
        </Point>
      </Placemark>
      <Placemark>
        <name>IN - Muncie
</name>
        <description><![CDATA[Hartmeyer Stables<br>www.horsemotel.com/Indiana.html#rme<br>Tel: 765-759-9507]]></description>
        <styleUrl>#icon-960-DB4436</styleUrl>
        <Point>
          <coordinates>
            -85.4684166666667,40.2309444444444,0
          </coordinates>
        </Point>
      </Placemark>
      <Placemark>
        <name>IN - Oakland City</name>
        <description><![CDATA[Bobbinstone Farm<br>www.horsemotel.com/Indiana.html#bobbinstone<br>Tel: 812-664-3454]]></description>
        <styleUrl>#icon-960-DB4436</styleUrl>
        <Point>
          <coordinates>
            -87.39517,38.29224,0
          </coordinates>
        </Point>
      </Placemark>
      <Placemark>
        <name>IN - Richmond
</name>
        <description><![CDATA[EAST FORK STABLES<br>www.horsemotel.com/Indiana.html#efs<br>Tel: 765-541-2884]]></description>
        <styleUrl>#icon-960-DB4436</styleUrl>
        <Point>
          <coordinates>
            -84.852471,39.895413,0
          </coordinates>
        </Point>
      </Placemark>
      <Placemark>
        <name>IN - Richmond</name>
        <description><![CDATA[Park Elwood Stables<br>https://www.horsemotel.com/Indiana.html#pes<br>Tel: 765-400-0195]]></description>
        <styleUrl>#icon-960-DB4436</styleUrl>
        <Point>
          <coordinates>
            -84.8576666666667,39.8839166666667,0
          </coordinates>
        </Point>
      </Placemark>
      <Placemark>
        <name>IN - Shirley</name>
        <description><![CDATA[Cuttin' Up Stables Horse Motel<br>www.horsemotel.com/Indiana.html#cuttinup<br>Tel: 765-591-6370]]></description>
        <styleUrl>#icon-960-DB4436</styleUrl>
        <Point>
          <coordinates>
            -85.55788,39.86783,0
          </coordinates>
        </Point>
      </Placemark>
      <Placemark>
        <name>IN - Springport</name>
        <description><![CDATA[Copper Rise Ranch<br>www.horsemotel.com/Indiana.html#crr<br>Tel: 765-524-1383]]></description>
        <styleUrl>#icon-960-DB4436</styleUrl>
        <Point>
          <coordinates>
            -85.4222222222222,40.0263888888889,0
          </coordinates>
        </Point>
      </Placemark>
      <Placemark>
        <name>IN - Yoder</name>
        <description><![CDATA[AmazzingGrace Farm, LLC<br>www.horsemotel.com/Indiana.html#agf<br>Tel: 317-441-4249]]></description>
        <styleUrl>#icon-960-DB4436</styleUrl>
        <Point>
          <coordinates>
            -85.2675277777778,40.9314166666667,0
          </coordinates>
        </Point>
      </Placemark>
      <Placemark>
        <name>IN - Yorktown</name>
        <description><![CDATA[Alliance Equestrian Center<br>www.horsemotel.com/Indiana.html#aec<br>Tel: 765-730-3993]]></description>
        <styleUrl>#icon-960-DB4436</styleUrl>
        <Point>
          <coordinates>
            -85.52361,40.21259,0
          </coordinates>
        </Point>
      </Placemark>
      <Placemark>
        <name>IA - Atlantic</name>
        <description><![CDATA[Westphalen Quarter Horses<br>www.horsemotel.com/Iowa.html#west<br>Tel: 712-250-4802 or 712-254-0217]]></description>
        <styleUrl>#icon-960-DB4436</styleUrl>
        <Point>
          <coordinates>
            -94.9558,41.47104,0
          </coordinates>
        </Point>
      </Placemark>
      <Placemark>
        <name>IA - Cedar Falls
</name>
        <description><![CDATA[MK Equestrian<br>www.horsemotel.com/Iowa.html#mke<br>Tel: 319-215-5319]]></description>
        <styleUrl>#icon-960-DB4436</styleUrl>
        <Point>
          <coordinates>
            -92.465877,42.434431,0
          </coordinates>
        </Point>
      </Placemark>
      <Placemark>
        <name>IA - Cedar Rapids
</name>
        <description><![CDATA[Holley's Boarding Stable<br>www.horsemotel.com/Iowa.html#hbs<br>Tel: 319-360-6370]]></description>
        <styleUrl>#icon-960-DB4436</styleUrl>
        <Point>
          <coordinates>
            -91.613947,41.905343,0
          </coordinates>
        </Point>
      </Placemark>
      <Placemark>
        <name>IA - Des Moines
</name>
        <description><![CDATA[Hidden Creek Ranch<br>www.horsemotel.com/Iowa.html#chester<br>Tel: 515-689-9914 or 515-689-4005]]></description>
        <styleUrl>#icon-960-DB4436</styleUrl>
        <Point>
          <coordinates>
            -93.53739,41.65873,0
          </coordinates>
        </Point>
      </Placemark>
      <Placemark>
        <name>IA - Elkhart</name>
        <description><![CDATA[Prairie Rose Arena<br>www.horsemotel.com/Iowa.html#pra<br>Tel: 515-250-2330]]></description>
        <styleUrl>#icon-960-DB4436</styleUrl>
        <Point>
          <coordinates>
            -93.50267,41.761514,0
          </coordinates>
        </Point>
      </Placemark>
      <Placemark>
        <name>IA - Grinnell
</name>
        <description><![CDATA[A & W Ranch<br>www.horsemotel.com/Iowa.html#awr<br>Tel: 641-990-8387]]></description>
        <styleUrl>#icon-960-DB4436</styleUrl>
        <Point>
          <coordinates>
            -92.746832,41.747423,0
          </coordinates>
        </Point>
      </Placemark>
      <Placemark>
        <name>IA - Iowa City</name>
        <description><![CDATA[Winds Reach Farm<br>www.horsemotel.com/Iowa.html#wrf<br>Tel: 319-270-9627]]></description>
        <styleUrl>#icon-960-DB4436</styleUrl>
        <Point>
          <coordinates>
            -91.501572,41.719468,0
          </coordinates>
        </Point>
      </Placemark>
      <Placemark>
        <name>IA - Logan
</name>
        <description><![CDATA[Horse Outpost<br>www.horsemotel.com/Iowa.html#hop<br>Tel: 712-592-2180]]></description>
        <styleUrl>#icon-960-DB4436</styleUrl>
        <Point>
          <coordinates>
            -95.774778,41.574049,0
          </coordinates>
        </Point>
      </Placemark>
      <Placemark>
        <name>IA - Lucas
</name>
        <description><![CDATA[Singing Mesa Ranch<br>www.horsemotel.com/Iowa.html#smr<br>Tel: 641-919-3671]]></description>
        <styleUrl>#icon-960-DB4436</styleUrl>
        <Point>
          <coordinates>
            -93.470491,41.089875,0
          </coordinates>
        </Point>
      </Placemark>
      <Placemark>
        <name>IA - Nora Springs
</name>
        <description><![CDATA[Charming Corrals<br>www.horsemotel.com/Iowa.html#cmc<br>Tel: 319-480-5619]]></description>
        <styleUrl>#icon-960-DB4436</styleUrl>
        <Point>
          <coordinates>
            -92.9450555555556,43.1170277777778,0
          </coordinates>
        </Point>
      </Placemark>
      <Placemark>
        <name>IA - Princeton</name>
        <description><![CDATA[Red Roof Stable and Farm<br>www.horsemotel.com/Iowa.html#rrs<br>Tel: 563-343-2765]]></description>
        <styleUrl>#icon-960-DB4436</styleUrl>
        <Point>
          <coordinates>
            -90.359618,41.720507,0
          </coordinates>
        </Point>
      </Placemark>
      <Placemark>
        <name>IA - Solon</name>
        <description><![CDATA[Turkey Run Ranch<br>www.horsemotel.com/Iowa.html#trr<br>Tel: 763-453-2004]]></description>
        <styleUrl>#icon-960-DB4436</styleUrl>
        <Point>
          <coordinates>
            -91.49275,41.8071388888889,0
          </coordinates>
        </Point>
      </Placemark>
      <Placemark>
        <name>IA - Walnut
</name>
        <description><![CDATA[Pinoak Acres<br>www.horsemotel.com/Iowa.html#poa<br>Tel: 712-250-1431]]></description>
        <styleUrl>#icon-960-DB4436</styleUrl>
        <Point>
          <coordinates>
            -95.2423055555556,41.4043055555556,0
          </coordinates>
        </Point>
      </Placemark>
      <Placemark>
        <name>KS - Bonner Springs</name>
        <description><![CDATA[Phalen Equestrian Center<br>www.horsemotel.com/Kansas.html#pec<br>Tel 913-424-3164]]></description>
        <styleUrl>#icon-960-DB4436</styleUrl>
        <Point>
          <coordinates>
            -94.946056,39.080278,0
          </coordinates>
        </Point>
      </Placemark>
      <Placemark>
        <name>KS - Chapman</name>
        <description><![CDATA[Pretty-Horses.com<br>www.horsemotel.com/Kansas.html#pretty<br>Tel: 785-761-5900]]></description>
        <styleUrl>#icon-960-DB4436</styleUrl>
        <Point>
          <coordinates>
            -97.06717,38.97346,0
          </coordinates>
        </Point>
      </Placemark>
      <Placemark>
        <name>KS - Derby</name>
        <description><![CDATA[Wichita Riding Academy, Inc.<br>www.horsemotel.com/Kansas.html#wichita<br>Tel: 316-651-0876]]></description>
        <styleUrl>#icon-960-DB4436</styleUrl>
        <Point>
          <coordinates>
            -97.21298,37.61946,0
          </coordinates>
        </Point>
      </Placemark>
      <Placemark>
        <name>KS - Edgerton</name>
        <description><![CDATA[Middle of the Map Horse Hotel<br>www.horsemotel.com/Kansas.html#mom<br>Tel: 913-617-4396]]></description>
        <styleUrl>#icon-960-DB4436</styleUrl>
        <Point>
          <coordinates>
            -95.010778,38.764929,0
          </coordinates>
        </Point>
      </Placemark>
      <Placemark>
        <name>KS - Edson</name>
        <description><![CDATA[SlideonInn Horse Hotel, LLC<br>www.horsemotel.com/Kansas.html#shh<br>Tel: 785-821-0199]]></description>
        <styleUrl>#icon-960-DB4436</styleUrl>
        <Point>
          <coordinates>
            -101.58396,39.3391,0
          </coordinates>
        </Point>
      </Placemark>
      <Placemark>
        <name>KS - Goodland
</name>
        <description><![CDATA[Five Point Horse Training / <br>Mustang Rehabilitation<br>www.horsemotel.com/Kansas.html#fph<br>Tel: 303-968-7345]]></description>
        <styleUrl>#icon-960-DB4436</styleUrl>
        <Point>
          <coordinates>
            -101.893583333333,39.2730833333333,0
          </coordinates>
        </Point>
      </Placemark>
      <Placemark>
        <name>KS - Hays
</name>
        <description><![CDATA[Branded 5 Stable<br>www.horsemotel.com/Kansas.html#bfs<br>Tel: 785-623-9566]]></description>
        <styleUrl>#icon-960-DB4436</styleUrl>
        <Point>
          <coordinates>
            -99.410457,38.895725,0
          </coordinates>
        </Point>
      </Placemark>
      <Placemark>
        <name>KS - Hays
</name>
        <description><![CDATA[Triple Eight Equine Center<br>www.horsemotel.com/Kansas.html#tee<br>Tel: 785-259-1271]]></description>
        <styleUrl>#icon-960-DB4436</styleUrl>
        <Point>
          <coordinates>
            -99.2435833333333,38.8826388888889,0
          </coordinates>
        </Point>
      </Placemark>
      <Placemark>
        <name>KS - Oakley</name>
        <description><![CDATA[North Fork Horse Motel<br>www.horsemotel.com/Kansas.html#nfh<br>Tel: 785-672-0950]]></description>
        <styleUrl>#icon-960-DB4436</styleUrl>
        <Point>
          <coordinates>
            -100.876983,39.191234,0
          </coordinates>
        </Point>
      </Placemark>
      <Placemark>
        <name>KS - Park City</name>
        <description><![CDATA[RC Arena & Stables<br>www.horsemotel.com/Kansas.html#rc<br>Tel: 316-807-6140 or 316-308-4936]]></description>
        <styleUrl>#icon-960-DB4436</styleUrl>
        <Point>
          <coordinates>
            -97.328806,37.804944,0
          </coordinates>
        </Point>
      </Placemark>
      <Placemark>
        <name>KS - Silver Lake/Topeka
</name>
        <description><![CDATA[Woods Creek Ranch<br>www.horsemotel.com/Kansasl.html#wcr<br>Tel: 785-250-1843]]></description>
        <styleUrl>#icon-960-DB4436</styleUrl>
        <Point>
          <coordinates>
            -95.85375,39.11625,0
          </coordinates>
        </Point>
      </Placemark>
      <Placemark>
        <name>KS - South Haven</name>
        <description><![CDATA[Hadden Equine Inn<br>www.horsemotel.com/Kansas.html#hei<br>Tel: 620-326-3001]]></description>
        <styleUrl>#icon-960-DB4436</styleUrl>
        <Point>
          <coordinates>
            -97.404,37.0491388888889,0
          </coordinates>
        </Point>
      </Placemark>
      <Placemark>
        <name>KS - Topeka</name>
        <description><![CDATA[Two Pond Farm<br>www.horsemotel.com/Kansas.html#tpf<br>Tel: 907-419-5569]]></description>
        <styleUrl>#icon-960-DB4436</styleUrl>
        <Point>
          <coordinates>
            -95.7066111111111,39.0646111111111,0
          </coordinates>
        </Point>
      </Placemark>
      <Placemark>
        <name>KS - Valley Center</name>
        <description><![CDATA[Wichita Stable Stop<br>www.horsemotel.com/Kansas.html#wss<br>Tel: 512-961-9482]]></description>
        <styleUrl>#icon-960-DB4436</styleUrl>
        <Point>
          <coordinates>
            -97.31769,37.86425,0
          </coordinates>
        </Point>
      </Placemark>
      <Placemark>
        <name>KS - Wakarusa
</name>
        <description><![CDATA[Heartland Ranch<br>www.horsemotel.com/Kansas.html#heart<br>Tel: 785-969-9139]]></description>
        <styleUrl>#icon-960-DB4436</styleUrl>
        <Point>
          <coordinates>
            -95.71906,38.89526,0
          </coordinates>
        </Point>
      </Placemark>
      <Placemark>
        <name>KS - Winfield</name>
        <description><![CDATA[Broken Spoke Stables<br>www.horsemotel.com/Kansas.html#bss<br>Tel: 620-229-4066]]></description>
        <styleUrl>#icon-960-DB4436</styleUrl>
        <Point>
          <coordinates>
            -97.010044,37.239985,0
          </coordinates>
        </Point>
      </Placemark>
      <Placemark>
        <name>KY – Berry</name>
        <description><![CDATA[F-N-B Ranch<br>www.horsemotel.com/Kentucky.html#fnb<br>Tel: 859-609-4221]]></description>
        <styleUrl>#icon-960-DB4436</styleUrl>
        <Point>
          <coordinates>
            -84.436307,38.497062,0
          </coordinates>
        </Point>
      </Placemark>
      <Placemark>
        <name>KY - Bloomfield</name>
        <description><![CDATA[Twin Pond Stables<br>www.horsemotel.com/Kentucky.html#tps<br>Tel: 559-765-5005]]></description>
        <styleUrl>#icon-960-DB4436</styleUrl>
        <Point>
          <coordinates>
            -85.3326666666667,37.8635555555556,0
          </coordinates>
        </Point>
      </Placemark>
      <Placemark>
        <name>KY - Camp Springs</name>
        <description><![CDATA[Misty Ridge Farm, LLC<br>www.horsemotel.com/Kentucky.html#mrf<br>Tel: 859-802-1050]]></description>
        <styleUrl>#icon-960-DB4436</styleUrl>
        <Point>
          <coordinates>
            -84.39226,39.03162,0
          </coordinates>
        </Point>
      </Placemark>
      <Placemark>
        <name>KY - Cave City
</name>
        <description><![CDATA[Carey Horse Farm<br>www.horsemotel.com/Kentucky.html#chf<br>Tel: 270-646-7424]]></description>
        <styleUrl>#icon-960-DB4436</styleUrl>
        <Point>
          <coordinates>
            -85.9742777777778,37.1568055555556,0
          </coordinates>
        </Point>
      </Placemark>
      <Placemark>
        <name>KY - Crestwood
</name>
        <description><![CDATA[The Farm at Grace Hill<br>www.horsemotel.com/Kentucky.html#fgh<br>Tel: 502-376-3573]]></description>
        <styleUrl>#icon-960-DB4436</styleUrl>
        <Point>
          <coordinates>
            -85.471511,38.324284,0
          </coordinates>
        </Point>
      </Placemark>
      <Placemark>
        <name>KY - Georgetown</name>
        <description><![CDATA[Robyn's Nest Farm<br>www.horsemotel.com/Kentucky.html#rnf<br>Tel: 859-379-4980]]></description>
        <styleUrl>#icon-960-DB4436</styleUrl>
        <Point>
          <coordinates>
            -84.45275,38.2413333333333,0
          </coordinates>
        </Point>
      </Placemark>
      <Placemark>
        <name>KY - Greenville
</name>
        <description><![CDATA[Muhlenberg County Agriculture Center<br>www.horsemotel.com/Kentucky.html#mca<br>Tel: 270-820-7246]]></description>
        <styleUrl>#icon-960-DB4436</styleUrl>
        <Point>
          <coordinates>
            -87.151633,37.234426,0
          </coordinates>
        </Point>
      </Placemark>
      <Placemark>
        <name>KY - London</name>
        <description><![CDATA[Hang 'Em High Horse Camp<br>www.horsemotel.com/Kentucky.html#hhh<br>Tel: 606-682-3370 or 606-682-1383]]></description>
        <styleUrl>#icon-960-DB4436</styleUrl>
        <Point>
          <coordinates>
            -84.190452,37.116871,0
          </coordinates>
        </Point>
      </Placemark>
      <Placemark>
        <name>KY - Monticello
</name>
        <description><![CDATA[Hidden Creek Farm<br>www.horsemotel.com/Kentucky.html#hcf<br>Tel: 606-278-2600]]></description>
        <styleUrl>#icon-960-DB4436</styleUrl>
        <Point>
          <coordinates>
            -84.872777,36.838922,0
          </coordinates>
        </Point>
      </Placemark>
      <Placemark>
        <name>KY - Munfordville</name>
        <description><![CDATA[Button Willow Farm<br>www.horsemotel.com/Kentucky.html#bwf<br>270-218-7430]]></description>
        <styleUrl>#icon-960-DB4436</styleUrl>
        <Point>
          <coordinates>
            -85.8536944444444,37.3148055555556,0
          </coordinates>
        </Point>
      </Placemark>
      <Placemark>
        <name>KY - Owenton</name>
        <description><![CDATA[Three16 Ranch<br>www.horsemotel.com/Kentucky.html#tst<br>Tel: 859-240-5386]]></description>
        <styleUrl>#icon-960-DB4436</styleUrl>
        <Point>
          <coordinates>
            -84.8185,38.5934166666667,0
          </coordinates>
        </Point>
      </Placemark>
      <Placemark>
        <name>KY - Paducah
</name>
        <description><![CDATA[The Art Farm Women’s Retreat<br>www.horsemotel.com/Kentucky.html#afw<br>Tel: 270-217-2170]]></description>
        <styleUrl>#icon-960-DB4436</styleUrl>
        <Point>
          <coordinates>
            -88.780149,37.016184,0
          </coordinates>
        </Point>
      </Placemark>
      <Placemark>
        <name>KY - Paducah
</name>
        <description><![CDATA[Painted Pastures Farm<br>www.horsemotel.com/Kentucky.html#ppf<br>Tel 931-209-1094]]></description>
        <styleUrl>#icon-960-DB4436</styleUrl>
        <Point>
          <coordinates>
            -88.7081944444444,36.9820555555556,0
          </coordinates>
        </Point>
      </Placemark>
      <Placemark>
        <name>KY - Pleasureville</name>
        <description><![CDATA[Top Hand Acres<br>http://www.horsemotel.com/Kentucky.html#tha<br>Tel: 970-305-1693]]></description>
        <styleUrl>#icon-960-DB4436</styleUrl>
        <Point>
          <coordinates>
            -85.0547222222222,38.3911111111111,0
          </coordinates>
        </Point>
      </Placemark>
      <Placemark>
        <name>KY - Shelbyville
</name>
        <description><![CDATA[Manestream Equestrian and Livestock<br>www.horsemotel.com/Kentucky.html#mel<br>Tel: 480-283-3664]]></description>
        <styleUrl>#icon-960-DB4436</styleUrl>
        <Point>
          <coordinates>
            -85.0819166666667,38.2196111111111,0
          </coordinates>
        </Point>
      </Placemark>
      <Placemark>
        <name>KY - Versailles</name>
        <description><![CDATA[K BAR C West Camp<br>www.horsemotel.com/Kentucky#kbcw<br>Tel: 859-797-4368]]></description>
        <styleUrl>#icon-960-DB4436</styleUrl>
        <Point>
          <coordinates>
            -84.7166388888889,38.0050277777778,0
          </coordinates>
        </Point>
      </Placemark>
      <Placemark>
        <name>KY - Wilmore</name>
        <description><![CDATA[K BAR C RANCH<br>www.horsemotel.com/Kentucky.html#far<br>Tel: 859-797-4368]]></description>
        <styleUrl>#icon-960-DB4436</styleUrl>
        <Point>
          <coordinates>
            -84.67219,37.90088,0
          </coordinates>
        </Point>
      </Placemark>
      <Placemark>
        <name>LA - Bossier City</name>
        <description><![CDATA[4-E Horse Motel<br>www.horsemotel.com/Louisiana.html#feh<br>Tel: 318-458-6837]]></description>
        <styleUrl>#icon-960-DB4436</styleUrl>
        <Point>
          <coordinates>
            -93.69485,32.60467,0
          </coordinates>
        </Point>
      </Placemark>
      <Placemark>
        <name>LA - Calhoun</name>
        <description><![CDATA[Pit Stop Pastures<br>www.horsemotel.com/Louisiana.html#psp<br>Tel: 318-512-5901]]></description>
        <styleUrl>#icon-960-DB4436</styleUrl>
        <Point>
          <coordinates>
            -92.3688611111111,32.4953611111111,0
          </coordinates>
        </Point>
      </Placemark>
      <Placemark>
        <name>LA - Dubach</name>
        <description><![CDATA[Cypress Creek Farm<br>www.horsemotel.com/Louisiana.html#cypress<br>Tel:318-243-2910]]></description>
        <styleUrl>#icon-960-DB4436</styleUrl>
        <Point>
          <coordinates>
            -92.6507,32.61726,0
          </coordinates>
        </Point>
      </Placemark>
      <Placemark>
        <name>LA - Folsom
</name>
        <description><![CDATA[Reposo Farm & Feeds, LLC<br>www.horsemotel.com/Louisiana.html#rff<br>Tel: 985-966-5591]]></description>
        <styleUrl>#icon-960-DB4436</styleUrl>
        <Point>
          <coordinates>
            -90.214369,30.59656,0
          </coordinates>
        </Point>
      </Placemark>
      <Placemark>
        <name>LA - Lake Charles
</name>
        <description><![CDATA[The Stables at Le Bocage<br>www.horsemotel.com/Louisiana.html#slb<br>Tel: 337-842-7434]]></description>
        <styleUrl>#icon-960-DB4436</styleUrl>
        <Point>
          <coordinates>
            -93.202118,30.142237,0
          </coordinates>
        </Point>
      </Placemark>
      <Placemark>
        <name>LA-Opelousas</name>
        <description><![CDATA[Stable 31<br>www.horsemotel.com/Louisiana.html#sto<br>Tel: 225-456-1303]]></description>
        <styleUrl>#icon-960-DB4436</styleUrl>
        <Point>
          <coordinates>
            -92.0448333333333,30.5025,0
          </coordinates>
        </Point>
      </Placemark>
      <Placemark>
        <name>LA - Ponchatoula</name>
        <description><![CDATA[Marecage Stables<br>www.horsemotel.com/Louisiana.html#mcs<br>Tel: 985-974-1005]]></description>
        <styleUrl>#icon-960-DB4436</styleUrl>
        <Point>
          <coordinates>
            -90.4176666666667,30.4214444444444,0
          </coordinates>
        </Point>
      </Placemark>
      <Placemark>
        <name>LA - Slidell</name>
        <description><![CDATA[Northshore Riding club, LLC<br>www.horsemotel.com/Louisiana.html#shore<br>Tel: 504-578-6262]]></description>
        <styleUrl>#icon-960-DB4436</styleUrl>
        <Point>
          <coordinates>
            -89.74425,30.25631,0
          </coordinates>
        </Point>
      </Placemark>
      <Placemark>
        <name>LA - Walker</name>
        <description><![CDATA[2 Lazy 2 Stables, LLC<br>www.horsemotel.com/Louisiana.html#tlt<br>Tel: 225-247-2002]]></description>
        <styleUrl>#icon-960-DB4436</styleUrl>
        <Point>
          <coordinates>
            -90.86748,30.55757,0
          </coordinates>
        </Point>
      </Placemark>
      <Placemark>
        <name>ME - Cornville
</name>
        <description><![CDATA[Hidden Valley Equestrian Center, Inc.<br>www.horsemotel.com/Maine.html#hve<br>Tel: 207-474-3014]]></description>
        <styleUrl>#icon-960-DB4436</styleUrl>
        <Point>
          <coordinates>
            -69.701811,44.823088,0
          </coordinates>
        </Point>
      </Placemark>
      <Placemark>
        <name>ME - Greenwood</name>
        <description><![CDATA[Tamarack Farm<br>www.horsemotel.com/Maine.html#tkf<br>Tel: 207-205-1268]]></description>
        <styleUrl>#icon-960-DB4436</styleUrl>
        <Point>
          <coordinates>
            -70.6619444444444,44.3478055555556,0
          </coordinates>
        </Point>
      </Placemark>
      <Placemark>
        <name>ME - Lincolnville
</name>
        <description><![CDATA[Camden Hills Equine Inn<br>www.horsemotel.com/Maine.html#hills<br>Tel: 207-542-9660]]></description>
        <styleUrl>#icon-960-DB4436</styleUrl>
        <Point>
          <coordinates>
            -69.03375,44.28494,0
          </coordinates>
        </Point>
      </Placemark>
      <Placemark>
        <name>ME - Littleton</name>
        <description><![CDATA[Campbell Horse Farm<br>www.horsemotel.com/Maine.html#chf<br>Tel: 207-532-8693]]></description>
        <styleUrl>#icon-960-DB4436</styleUrl>
        <Point>
          <coordinates>
            -67.8152777777778,46.24175,0
          </coordinates>
        </Point>
      </Placemark>
      <Placemark>
        <name>ME - New Gloucester
</name>
        <description><![CDATA[Taildragger Stables, LLC<br>www.horsemotel.com/Maine.html#tds<br>Tel: 207-595-0948]]></description>
        <styleUrl>#icon-960-DB4436</styleUrl>
        <Point>
          <coordinates>
            -70.25948,43.98123,0
          </coordinates>
        </Point>
      </Placemark>
      <Placemark>
        <name>MD - Gaithersburg
</name>
        <description><![CDATA[Free Rein Farm, LLC<br>www.horsemotel.com/Maryland.html#frf<br>Tel: 617-901-1465]]></description>
        <styleUrl>#icon-960-DB4436</styleUrl>
        <Point>
          <coordinates>
            -77.100944,39.203472,0
          </coordinates>
        </Point>
      </Placemark>
      <Placemark>
        <name>MD - Hagerstown</name>
        <description><![CDATA[GemStone Stable<br>www.horsemotel.com/Maryland.html#gss<br>Tel: 717-729-2767]]></description>
        <styleUrl>#icon-960-DB4436</styleUrl>
        <Point>
          <coordinates>
            -77.801077,39.718821,0
          </coordinates>
        </Point>
      </Placemark>
      <Placemark>
        <name>MD - Hancock</name>
        <description><![CDATA[Valley Meadow Farms Trails Getaway and Bed & Barn<br>www.horsemotel.com/Maryland.html#vmf<br>Tel: 301-678-6584]]></description>
        <styleUrl>#icon-960-DB4436</styleUrl>
        <Point>
          <coordinates>
            -78.304515,39.719165,0
          </coordinates>
        </Point>
      </Placemark>
      <Placemark>
        <name>MD - North East</name>
        <description><![CDATA[Fairwinds Farm<br>www.horsemotel.com/Maryland.html#fair<br>Tel: 410-658-8187]]></description>
        <styleUrl>#icon-960-DB4436</styleUrl>
        <Point>
          <coordinates>
            -75.96813,39.68393,0
          </coordinates>
        </Point>
      </Placemark>
      <Placemark>
        <name>MD - Rising Sun
</name>
        <description><![CDATA[Karen Brooks<br>www.horsemotel.com/Maryland.html#kbs<br>Tel: 443-945-6761]]></description>
        <styleUrl>#icon-960-DB4436</styleUrl>
        <Point>
          <coordinates>
            -76.044915,39.711983,0
          </coordinates>
        </Point>
      </Placemark>
      <Placemark>
        <name>MD - Sykesville
</name>
        <description><![CDATA[Ironstar Outpost East<br>www.horsemotel.com/Maryland.html#ioe<br>Tel: 443-676-3811]]></description>
        <styleUrl>#icon-960-DB4436</styleUrl>
        <Point>
          <coordinates>
            -77.000529,39.341088,0
          </coordinates>
        </Point>
      </Placemark>
      <Placemark>
        <name>MD - Upper Marlboro
</name>
        <description><![CDATA[Melissa Harlinski<br>https://www.horsemotel.com/Maryland.html#mhl<br>Tel: 443-690-2525]]></description>
        <styleUrl>#icon-960-DB4436</styleUrl>
        <Point>
          <coordinates>
            -76.699078,38.889564,0
          </coordinates>
        </Point>
      </Placemark>
      <Placemark>
        <name>MD - Warwick</name>
        <description><![CDATA[Muddy Boots Horse Farm and Rescue<br>www.horsemotel.com/Maryland.html#mbh<br>Tel: 302-650-0197]]></description>
        <styleUrl>#icon-960-DB4436</styleUrl>
        <Point>
          <coordinates>
            -75.7759444444444,39.4774722222222,0
          </coordinates>
        </Point>
      </Placemark>
      <Placemark>
        <name>MA - Agawam
</name>
        <description><![CDATA[A HORSE HOTEL AT EQUINE BLVD<br>www.horsemotel.com/Massachusetts.html#eb<br>Tel: 413-246-0680]]></description>
        <styleUrl>#icon-960-DB4436</styleUrl>
        <Point>
          <coordinates>
            -72.62931,42.043416,0
          </coordinates>
        </Point>
      </Placemark>
      <Placemark>
        <name>MA - Amesbury</name>
        <description><![CDATA[Dream Spirit Farm, LLC<br>www.horsemotel.com/Massachusetts.html#dsf<br>Tel: 978-834-3013]]></description>
        <styleUrl>#icon-960-DB4436</styleUrl>
        <Point>
          <coordinates>
            -70.939504,42.872285,0
          </coordinates>
        </Point>
      </Placemark>
      <Placemark>
        <name>MA - Brimfield</name>
        <description><![CDATA[Hidden Creek Homestead<br>www.horsemotel.com/Massachusetts.html#hch<br>Tel: 774-573-0656]]></description>
        <styleUrl>#icon-960-DB4436</styleUrl>
        <Point>
          <coordinates>
            -72.2203333333333,42.16625,0
          </coordinates>
        </Point>
      </Placemark>
      <Placemark>
        <name>MA - Douglas
</name>
        <description><![CDATA[Golden Moon Farm<br>www.horsemotel.com/Massachusetts.html#gmf<br>Tel: 203-685-3050]]></description>
        <styleUrl>#icon-960-DB4436</styleUrl>
        <Point>
          <coordinates>
            -71.706694,42.035389,0
          </coordinates>
        </Point>
      </Placemark>
      <Placemark>
        <name>MA - Ipswitch
</name>
        <description><![CDATA[Ipswich River Lodge<br>www.horsemotel.com/Massachusetts.html#irl<br>Tel: 978-212-9499]]></description>
        <styleUrl>#icon-960-DB4436</styleUrl>
        <Point>
          <coordinates>
            -70.8412777777778,42.66225,0
          </coordinates>
        </Point>
      </Placemark>
      <Placemark>
        <name>MA - Marion</name>
        <description><![CDATA[Silvershell Inn<br>www.horsemotel.com/Massachusetts.html#ssi<br>Tel: 508-299-9810]]></description>
        <styleUrl>#icon-960-DB4436</styleUrl>
        <Point>
          <coordinates>
            -70.774521,41.722052,0
          </coordinates>
        </Point>
      </Placemark>
      <Placemark>
        <name>MA - Norwell</name>
        <description><![CDATA[Huntersbrook Stable<br>www.horsemotel.com/Massachusetts.html#hs<br>Tel: 781-883-7090]]></description>
        <styleUrl>#icon-960-DB4436</styleUrl>
        <Point>
          <coordinates>
            -70.798703,42.153302,0
          </coordinates>
        </Point>
      </Placemark>
      <Placemark>
        <name>MI - Bridgeport</name>
        <description><![CDATA[Oak Lane Equestrian<br>www.horsemotel.com/Michigan.html#ole<br>Tel: 716-997-2019]]></description>
        <styleUrl>#icon-960-DB4436</styleUrl>
        <Point>
          <coordinates>
            -83.8374444444444,43.3217222222222,0
          </coordinates>
        </Point>
      </Placemark>
      <Placemark>
        <name>MI - Temperance</name>
        <description><![CDATA[Duke Farms<br>www.horsemotel.com/Michigan.html#dkf<br>Tel: 419-410-7193]]></description>
        <styleUrl>#icon-960-DB4436</styleUrl>
        <Point>
          <coordinates>
            -83.5503888888889,41.8101388888889,0
          </coordinates>
        </Point>
      </Placemark>
      <Placemark>
        <name>MI - White Pigeon</name>
        <description><![CDATA[Circle J Horse Farm, LLC<br>www.horsemotel.com/Michigan.html#j<br>Tel: Cell - 269-816-7898 or <br>Home - 269-483-7898]]></description>
        <styleUrl>#icon-960-DB4436</styleUrl>
        <Point>
          <coordinates>
            -85.76718,41.7657,0
          </coordinates>
        </Point>
      </Placemark>
      <Placemark>
        <name>MN - Albert Lea
</name>
        <description><![CDATA[Oak Acres Horse Boarding<br>www.horsemotel.com/Minnesota.html#oah<br>Tel: 507-391-2260]]></description>
        <styleUrl>#icon-960-DB4436</styleUrl>
        <Point>
          <coordinates>
            -93.348449,43.612373,0
          </coordinates>
        </Point>
      </Placemark>
      <Placemark>
        <name>MN - Crookston</name>
        <description><![CDATA[Winter Shows Arena<br>www.horsemotel.com/Minnesota.html#wsa<br>Tel: 701-720-6660]]></description>
        <styleUrl>#icon-960-DB4436</styleUrl>
        <Point>
          <coordinates>
            -96.6116388888889,47.7914166666667,0
          </coordinates>
        </Point>
      </Placemark>
      <Placemark>
        <name>MN - Fergus Falls
</name>
        <description><![CDATA[Old 27 Ranch<br>www.horsemotel.com/Minnesota.html#twentyseven<br>Tel: 218-731-9328]]></description>
        <styleUrl>#icon-960-DB4436</styleUrl>
        <Point>
          <coordinates>
            -96.0664722222222,46.3030277777778,0
          </coordinates>
        </Point>
      </Placemark>
      <Placemark>
        <name>MN - Houston</name>
        <description><![CDATA[Outback Ranch, Inc.<br>www.horsemotel.com/Minnesota.html#ori<br>Tel: 507-896-5550]]></description>
        <styleUrl>#icon-960-DB4436</styleUrl>
        <Point>
          <coordinates>
            -91.611206,43.736847,0
          </coordinates>
        </Point>
      </Placemark>
      <Placemark>
        <name>MN - Jackson</name>
        <description><![CDATA[Clearview Ranch<br>https://www.horsemotel.com/Minnesota.html#cvr<br>Tel: 507-840-0345]]></description>
        <styleUrl>#icon-960-DB4436</styleUrl>
        <Point>
          <coordinates>
            -95.0903333333333,43.6303055555556,0
          </coordinates>
        </Point>
      </Placemark>
      <Placemark>
        <name>MN - Lake Crystal
</name>
        <description><![CDATA[Bryan Stading<br>www.horsemotel.com/Minnesota.html#bsd<br>Tel: 507-382-5679]]></description>
        <styleUrl>#icon-960-DB4436</styleUrl>
        <Point>
          <coordinates>
            -94.349236,44.155728,0
          </coordinates>
        </Point>
      </Placemark>
      <Placemark>
        <name>MN - Lake Park</name>
        <description><![CDATA[Faus Farms<br>www.horsemotel.com/Minnesota.html#ffs<br>Tel: 218-298-2682]]></description>
        <styleUrl>#icon-960-DB4436</styleUrl>
        <Point>
          <coordinates>
            -96.1270555555555,46.9640833333333,0
          </coordinates>
        </Point>
      </Placemark>
      <Placemark>
        <name>MN - Milaca
</name>
        <description><![CDATA[Rock Hill Ranch<br>www.horsemotel.com/Minnesota.html#rhr<br>Tel: 763-482-9062]]></description>
        <styleUrl>#icon-960-DB4436</styleUrl>
        <Point>
          <coordinates>
            -93.55625,45.7723888888889,0
          </coordinates>
        </Point>
      </Placemark>
      <Placemark>
        <name>MN - Monticello</name>
        <description><![CDATA[Cardinal Crest Farm, LLC<br>www.horsemotel.com/Minnesota.html#ccf<br>Tel: 612-597-8319]]></description>
        <styleUrl>#icon-960-DB4436</styleUrl>
        <Point>
          <coordinates>
            -93.72546,45.29273,0
          </coordinates>
        </Point>
      </Placemark>
      <Placemark>
        <name>MN - Moorhead
</name>
        <description><![CDATA[3 GEMS TACK & STABLES, LLC<br>www.horsemotel.com/Minnesota.html#tgt<br>Tel: 701-306-4478]]></description>
        <styleUrl>#icon-960-DB4436</styleUrl>
        <Point>
          <coordinates>
            -96.802829,46.970189,0
          </coordinates>
        </Point>
      </Placemark>
      <Placemark>
        <name>MS - Belden
</name>
        <description><![CDATA[Moon Lake Farm<br>www.horsemotel.com/Mississippi.html#mlr<br>Tel: 662-205-0660]]></description>
        <styleUrl>#icon-960-DB4436</styleUrl>
        <Point>
          <coordinates>
            -88.837989,34.30808,0
          </coordinates>
        </Point>
      </Placemark>
      <Placemark>
        <name>MS - Biloxi</name>
        <description><![CDATA[Green Woods Stables RV Park<br>www.horsemotel.com/Mississippi.html#green<br>Tel: 228-297-5557]]></description>
        <styleUrl>#icon-960-DB4436</styleUrl>
        <Point>
          <coordinates>
            -88.875069,30.46723,0
          </coordinates>
        </Point>
      </Placemark>
      <Placemark>
        <name>MS - Bovina</name>
        <description><![CDATA[Silver Creek Equestrian<br>www.horsemotel.com/Mississippi.html#silver<br>Tel: 601-618-8826]]></description>
        <styleUrl>#icon-960-DB4436</styleUrl>
        <Point>
          <coordinates>
            -90.733667,32.314472,0
          </coordinates>
        </Point>
      </Placemark>
      <Placemark>
        <name>MS - Brookhaven</name>
        <description><![CDATA[MS - Brookhaven<br>Kinsey Quarter Horses<br>www.horsemotel.com/Mississippi.html#kqh<br>Tel: 601-431-0134 or 601-265-4469]]></description>
        <styleUrl>#icon-960-DB4436</styleUrl>
        <Point>
          <coordinates>
            -90.48802,31.61475,0
          </coordinates>
        </Point>
      </Placemark>
      <Placemark>
        <name>MS - Carriere</name>
        <description><![CDATA[Band-Aid Barn, LLC<br>www.horsemotel.com/Mississippi.html#bab<br>Tel: 504-481-1137]]></description>
        <styleUrl>#icon-960-DB4436</styleUrl>
        <Point>
          <coordinates>
            -89.650771,30.617501,0
          </coordinates>
        </Point>
      </Placemark>
      <Placemark>
        <name>MS - Edwards</name>
        <description><![CDATA[Bridgeport Farm<br>www.horsemotel.com/Mississippi.html#bridge<br>Tel: 601-953-8038]]></description>
        <styleUrl>#icon-960-DB4436</styleUrl>
        <Point>
          <coordinates>
            -90.62859,32.36883,0
          </coordinates>
        </Point>
      </Placemark>
      <Placemark>
        <name>MS - Edwards
</name>
        <description><![CDATA[Terrebonne Farm<br>www.horsemotel.com/Mississippi.html#tbf<br>Tel: 601-831-5194]]></description>
        <styleUrl>#icon-960-DB4436</styleUrl>
        <Point>
          <coordinates>
            -90.61408,32.314925,0
          </coordinates>
        </Point>
      </Placemark>
      <Placemark>
        <name>MS - Florence</name>
        <description><![CDATA[Golden Horse Stables <br>www.horsemotel.com/Mississippi.html#golden<br>Tel: 601-845-2093 or 601-668-7411]]></description>
        <styleUrl>#icon-960-DB4436</styleUrl>
        <Point>
          <coordinates>
            -90.1612,32.13508,0
          </coordinates>
        </Point>
      </Placemark>
      <Placemark>
        <name>MS - Gulfport</name>
        <description><![CDATA[Sumrall Stables<br>www.horsemotel.com/Mississippi.html#ssb<br>Tel: 225-278-8934]]></description>
        <styleUrl>#icon-960-DB4436</styleUrl>
        <Point>
          <coordinates>
            -89.1448611111111,30.4882222222222,0
          </coordinates>
        </Point>
      </Placemark>
      <Placemark>
        <name>MS - Hernando</name>
        <description><![CDATA[Lucky 4 Farm<br>www.horsemotel.com/Mississippi.html#lucky<br>Tel: 662-910-9506]]></description>
        <styleUrl>#icon-960-DB4436</styleUrl>
        <Point>
          <coordinates>
            -89.99443,34.74998,0
          </coordinates>
        </Point>
      </Placemark>
      <Placemark>
        <name>MS - Lucedale
</name>
        <description><![CDATA[Stable Place<br>www.horsemotel.com/Mississippi.html#sbp<br>Tel: 251-599-2825]]></description>
        <styleUrl>#icon-960-DB4436</styleUrl>
        <Point>
          <coordinates>
            -88.4779722222222,30.9088611111111,0
          </coordinates>
        </Point>
      </Placemark>
      <Placemark>
        <name>MS - Olive Branch</name>
        <description><![CDATA[Raintree Equestrian Center<br>www.horsemotel.com/Mississippi.html#rec<br>Tel: 901-857-4074]]></description>
        <styleUrl>#icon-960-DB4436</styleUrl>
        <Point>
          <coordinates>
            -89.861854,34.992916,0
          </coordinates>
        </Point>
      </Placemark>
      <Placemark>
        <name>MS - Pass Christian</name>
        <description><![CDATA[KMC Stables<br>www.horsemotel.com/Mississippi.html#kc<br>Tel: 228-760-6351]]></description>
        <styleUrl>#icon-960-DB4436</styleUrl>
        <Point>
          <coordinates>
            -89.2854,30.38528,0
          </coordinates>
        </Point>
      </Placemark>
      <Placemark>
        <name>MS - Perkinston</name>
        <description><![CDATA[Big Hat Ranch MS, LLC<br>www.horsemotel.com/Mississippi.html#bhr<br>Tel: 228-243-4048]]></description>
        <styleUrl>#icon-960-DB4436</styleUrl>
        <Point>
          <coordinates>
            -88.7785,30.7283055555556,0
          </coordinates>
        </Point>
      </Placemark>
      <Placemark>
        <name>MS - Poplarville</name>
        <description><![CDATA[Horse Haven Ranch<br>www.horsemotel.com/Mississippi.html#hhr<br>Tel: 601-746-7460]]></description>
        <styleUrl>#icon-960-DB4436</styleUrl>
        <Point>
          <coordinates>
            -89.5366666666667,30.9168611111111,0
          </coordinates>
        </Point>
      </Placemark>
      <Placemark>
        <name>MS - Tupelo</name>
        <description><![CDATA[Blackwood Stables<br>www.horsemotel.com/Mississippi.html#bws<br>Tel: 662-260-3282]]></description>
        <styleUrl>#icon-960-DB4436</styleUrl>
        <Point>
          <coordinates>
            -88.6739166666667,34.2742777777778,0
          </coordinates>
        </Point>
      </Placemark>
      <Placemark>
        <name>MS - Tylertown</name>
        <description><![CDATA[Windmill Trails<br>www.horsemotel.com/Mississippi.html#wmt<br>Tel: 225-278-8934]]></description>
        <styleUrl>#icon-960-DB4436</styleUrl>
        <Point>
          <coordinates>
            -90.0526111111111,31.01975,0
          </coordinates>
        </Point>
      </Placemark>
      <Placemark>
        <name>MS - Vancleave</name>
        <description><![CDATA[Sandhill Ranch<br>www.horsemotel.com/Mississippi.html#shr<br>Tel: 228-697-2120]]></description>
        <styleUrl>#icon-960-DB4436</styleUrl>
        <Point>
          <coordinates>
            -88.6476388888889,30.531,0
          </coordinates>
        </Point>
      </Placemark>
      <Placemark>
        <name>MO - Americus</name>
        <description><![CDATA[Duke's Bed & Board<br>www.horsemotel.com/Missouri.html#duke<br>Tel: 573-252-4880]]></description>
        <styleUrl>#icon-960-DB4436</styleUrl>
        <Point>
          <coordinates>
            -91.56325,38.78249,0
          </coordinates>
        </Point>
      </Placemark>
      <Placemark>
        <name>MO - Archie
</name>
        <description><![CDATA[Easy E Horse Hotel & Bunkhouse<br>www.horsemotel.com/Missouri.html#eeh<br>Tel: 816-304-3533]]></description>
        <styleUrl>#icon-960-DB4436</styleUrl>
        <Point>
          <coordinates>
            -94.2964166666667,38.5026388888889,0
          </coordinates>
        </Point>
      </Placemark>
      <Placemark>
        <name>MO - Big Spring</name>
        <description><![CDATA[Circle B Ranch<br>www.horsemotel.com/Missouri.html#circleb<br>Tel: 314-803-6279 or 573-252-4483]]></description>
        <styleUrl>#icon-960-DB4436</styleUrl>
        <Point>
          <coordinates>
            -91.44821,38.91032,0
          </coordinates>
        </Point>
      </Placemark>
      <Placemark>
        <name>MO - Buckner
</name>
        <description><![CDATA[Kirkland Performance Horses<br>www.horsemotel.com/Missouri.html#kph<br>Tel: 816-529-3543]]></description>
        <styleUrl>#icon-960-DB4436</styleUrl>
        <Point>
          <coordinates>
            -94.256514,39.135814,0
          </coordinates>
        </Point>
      </Placemark>
      <Placemark>
        <name>MO - Carthage
</name>
        <description><![CDATA[Civil War Ranch and Arena<br>www.horsemotel.com/Missouir.html#cwr<br>Tel: 417-237-0771]]></description>
        <styleUrl>#icon-960-DB4436</styleUrl>
        <Point>
          <coordinates>
            -94.32589,37.225451,0
          </coordinates>
        </Point>
      </Placemark>
      <Placemark>
        <name>MO - Carthage
</name>
        <description><![CDATA[Lazy S Overnights & Boarding<br>www.horsemotel.com/Missouri.html#lso<br>Tel: 417-388-0303]]></description>
        <styleUrl>#icon-960-DB4436</styleUrl>
        <Point>
          <coordinates>
            -94.289619,37.238256,0
          </coordinates>
        </Point>
      </Placemark>
      <Placemark>
        <name>MO - Catawissa</name>
        <description><![CDATA[Cozy Campsite<br>https://www.horsemotel.com/Missouri.html#ccs<br>Tel: 314-285-5007]]></description>
        <styleUrl>#icon-960-DB4436</styleUrl>
        <Point>
          <coordinates>
            -90.7606944444444,38.4159166666667,0
          </coordinates>
        </Point>
      </Placemark>
      <Placemark>
        <name>MO - Country Club</name>
        <description><![CDATA[Sunset Hill Stable, LLC<br>www.horsemotel.com/Missouri.html#shs<br>Tel: 816-355-4141]]></description>
        <styleUrl>#icon-960-DB4436</styleUrl>
        <Point>
          <coordinates>
            -94.81581,39.85197,0
          </coordinates>
        </Point>
      </Placemark>
      <Placemark>
        <name>MO - Cuba
</name>
        <description><![CDATA[JG Arena<br>www.horsemotel.com/Missouri.html#jga<br>Tel: 314-803-2516]]></description>
        <styleUrl>#icon-960-DB4436</styleUrl>
        <Point>
          <coordinates>
            -91.496694,38.043472,0
          </coordinates>
        </Point>
      </Placemark>
      <Placemark>
        <name>MO - Eminence
</name>
        <description><![CDATA[Story’s Creek Campground<br>www.horsemotel.com/Missouri.html#scc<br>Tel: 573-276-8881]]></description>
        <styleUrl>#icon-960-DB4436</styleUrl>
        <Point>
          <coordinates>
            -91.375064,37.162988,0
          </coordinates>
        </Point>
      </Placemark>
      <Placemark>
        <name>MO - Fulton
</name>
        <description><![CDATA[Sunny Ridge Stables<br>www.horsemotel.com/Missouri.html#rkr<br>Tel: 417-664-7949]]></description>
        <styleUrl>#icon-960-DB4436</styleUrl>
        <Point>
          <coordinates>
            -92.130361,38.907972,0
          </coordinates>
        </Point>
      </Placemark>
      <Placemark>
        <name>MO - Hamilton</name>
        <description><![CDATA[My Epiphany Stables<br>www.horsemotel.com/Missouri.html#mes<br>Tel: 262-909-0628]]></description>
        <styleUrl>#icon-960-DB4436</styleUrl>
        <Point>
          <coordinates>
            -94.093084,39.699548,0
          </coordinates>
        </Point>
      </Placemark>
      <Placemark>
        <name>MO - Hollister</name>
        <description><![CDATA[M Double O Horse Ranch, LLC<br>www.horsemotel.com/Missouri.html#moo<br>Tel: 417 598-8084]]></description>
        <styleUrl>#icon-960-DB4436</styleUrl>
        <Point>
          <coordinates>
            -93.167249,36.538433,0
          </coordinates>
        </Point>
      </Placemark>
      <Placemark>
        <name>MO - Joplin</name>
        <description><![CDATA[GauxPro Performance Horses<br>www.horsemotel.com/Missouri.html#gph<br>Tel: 574-360-6868]]></description>
        <styleUrl>#icon-960-DB4436</styleUrl>
        <Point>
          <coordinates>
            -94.585028,37.101272,0
          </coordinates>
        </Point>
      </Placemark>
      <Placemark>
        <name>MO - Leasburg</name>
        <description><![CDATA[Newts Nodaway<br>www.horsemotel.com/Missouri.html#nn<br>Tel: 573-915-9750]]></description>
        <styleUrl>#icon-960-DB4436</styleUrl>
        <Point>
          <coordinates>
            -91.29653,38.09199,0
          </coordinates>
        </Point>
      </Placemark>
      <Placemark>
        <name>MO - Lebanon</name>
        <description><![CDATA[JAWsome Farm<br>www.horsemotel.com/Missouri.html#wf<br>Tel: 417-588-5145]]></description>
        <styleUrl>#icon-960-DB4436</styleUrl>
        <Point>
          <coordinates>
            -92.5862777777778,37.6812777777778,0
          </coordinates>
        </Point>
      </Placemark>
      <Placemark>
        <name>MO - Leeton
</name>
        <description><![CDATA[Triangle A Arena<br>www.horsemotel.com/Missouri.html#taa<br>Tel: 816-288-3507]]></description>
        <styleUrl>#icon-960-DB4436</styleUrl>
        <Point>
          <coordinates>
            -93.7456666666667,38.5686111111111,0
          </coordinates>
        </Point>
      </Placemark>
      <Placemark>
        <name>MO - Montgomery City</name>
        <description><![CDATA[Buckskins & Blondes<br>https://www.horsemotel.com/Missouri.html#bsb<br>Tel: 636-377-9554]]></description>
        <styleUrl>#icon-960-DB4436</styleUrl>
        <Point>
          <coordinates>
            -91.50775,38.9403611111111,0
          </coordinates>
        </Point>
      </Placemark>
      <Placemark>
        <name>MO - Mount Vernon</name>
        <description><![CDATA[Heritage Livestock<br>www.horsemotel.com/Missouri.html#hls<br>Tel: 417-316-0119]]></description>
        <styleUrl>#icon-960-DB4436</styleUrl>
        <Point>
          <coordinates>
            -93.764791,37.113259,0
          </coordinates>
        </Point>
      </Placemark>
      <Placemark>
        <name>MO - Perry</name>
        <description><![CDATA[Diamond M Ranch, LLC<br>https://www.horsemotel.com/Missouri.html#dmr<br>Tel: 573-822-2920]]></description>
        <styleUrl>#icon-960-DB4436</styleUrl>
        <Point>
          <coordinates>
            -91.6861944444445,39.481,0
          </coordinates>
        </Point>
      </Placemark>
      <Placemark>
        <name>MO - Rolla</name>
        <description><![CDATA[A Bit of Heaven Equestrian Center<br>www.horsemotel.com/Missouri.html#heaven<br>Tel: 573-202-8262]]></description>
        <styleUrl>#icon-960-DB4436</styleUrl>
        <Point>
          <coordinates>
            -91.74219,37.90826,0
          </coordinates>
        </Point>
      </Placemark>
      <Placemark>
        <name>MO - Rolla
</name>
        <description><![CDATA[Ozark crossing RV Park and cabin<br>www.horsemotel.com/Missouri.html#ocr<br>Tel: 573-465-3976]]></description>
        <styleUrl>#icon-960-DB4436</styleUrl>
        <Point>
          <coordinates>
            -91.8158888888889,37.9292222222222,0
          </coordinates>
        </Point>
      </Placemark>
      <Placemark>
        <name>MO - Saint Peters
</name>
        <description><![CDATA[Pearl Drive Stables<br>www.horsemotel.com/Missouri.html#pds<br>Tel: 636-474-9190 or 636-544-5250]]></description>
        <styleUrl>#icon-960-DB4436</styleUrl>
        <Point>
          <coordinates>
            -90.6538333333333,38.8151944444444,0
          </coordinates>
        </Point>
      </Placemark>
      <Placemark>
        <name>MO - Tarkio</name>
        <description><![CDATA[Tarkio Rodeo<br>www.horsemotel.com/Missouri.html#tr<br>Tel: 660-253-0260 or 660-744-4580]]></description>
        <styleUrl>#icon-960-DB4436</styleUrl>
        <Point>
          <coordinates>
            -95.3876828,40.4374591,0
          </coordinates>
        </Point>
      </Placemark>
      <Placemark>
        <name>MO - Union
</name>
        <description><![CDATA[Iron Hill Ranch<br>https://www.horsemotel.com/Missouri.html#ihr<br>Tel: 314-814-2774]]></description>
        <styleUrl>#icon-960-DB4436</styleUrl>
        <Point>
          <coordinates>
            -90.931694,38.385389,0
          </coordinates>
        </Point>
      </Placemark>
      <Placemark>
        <name>MT - Billings
</name>
        <description><![CDATA[EQUINE MOTEL - Box T Ranch<br>www.horsemotel.com/Montana.html#emb<br>Tel: 406-252-4388]]></description>
        <styleUrl>#icon-960-DB4436</styleUrl>
        <Point>
          <coordinates>
            -108.400862,45.812063,0
          </coordinates>
        </Point>
      </Placemark>
      <Placemark>
        <name>MT - Alberton</name>
        <description><![CDATA[Hoods Western Adventures<br>www.horsemotel.com/Montana.html#hwa<br>Tel: 406-799-3173]]></description>
        <styleUrl>#icon-960-DB4436</styleUrl>
        <Point>
          <coordinates>
            -114.59244,47.00041,0
          </coordinates>
        </Point>
      </Placemark>
      <Placemark>
        <name>MT - Bozeman
</name>
        <description><![CDATA[VanGoBoon Bozeman<br>www.horsemotel.com/Montana.html#vgb<br>Tel: 406-580-7476]]></description>
        <styleUrl>#icon-960-DB4436</styleUrl>
        <Point>
          <coordinates>
            -110.95133,45.659218,0
          </coordinates>
        </Point>
      </Placemark>
      <Placemark>
        <name>MT - Bozeman
</name>
        <description><![CDATA[Baker Horse Ranch<br>www.horsemotel.com/Montana.html#bhr<br>Tel: 406-579-6630]]></description>
        <styleUrl>#icon-960-DB4436</styleUrl>
        <Point>
          <coordinates>
            -111.218694444444,45.7083055555556,0
          </coordinates>
        </Point>
      </Placemark>
      <Placemark>
        <name>MT - Bozeman/Manhattan</name>
        <description><![CDATA[Sandbox Ranch, LLC<br>https://www.horsemotel.com/Montana.html#sbr<br>Tel: 650-892-8033]]></description>
        <styleUrl>#icon-960-DB4436</styleUrl>
        <Point>
          <coordinates>
            -111.32604,45.67211,0
          </coordinates>
        </Point>
      </Placemark>
      <Placemark>
        <name>MT - Butte
</name>
        <description><![CDATA[Cornerstone Equine, LLC<br>www.horsemotel.com/Montana.html#cse<br>Tel: 406-600-2937]]></description>
        <styleUrl>#icon-960-DB4436</styleUrl>
        <Point>
          <coordinates>
            -112.507501,45.980697,0
          </coordinates>
        </Point>
      </Placemark>
      <Placemark>
        <name>MT - Cascade</name>
        <description><![CDATA[The Paard Yard, LLC<br>www.horsemotel.com/Montana.html#tpy<br>Tel: 334-300-6002]]></description>
        <styleUrl>#icon-960-DB4436</styleUrl>
        <Point>
          <coordinates>
            -111.700138,47.272715,0
          </coordinates>
        </Point>
      </Placemark>
      <Placemark>
        <name>MT - Columbia Falls
</name>
        <description><![CDATA[Mitchell Farm<br>www.horsemotel.com/Montana.html#mlf<br>Tel: 406-871-3792]]></description>
        <styleUrl>#icon-960-DB4436</styleUrl>
        <Point>
          <coordinates>
            -114.183333333333,48.2897777777778,0
          </coordinates>
        </Point>
      </Placemark>
      <Placemark>
        <name>MT - Deer Lodge</name>
        <description><![CDATA[Mountain View Arena<br>www.horsemotel.com/Montana.html#view<br>Tel: 406-846-3686]]></description>
        <styleUrl>#icon-960-DB4436</styleUrl>
        <Point>
          <coordinates>
            -112.72042,46.40977,0
          </coordinates>
        </Point>
      </Placemark>
      <Placemark>
        <name>MT - Emigrant</name>
        <description><![CDATA[Smith Family Ranch<br>www.horsemotel.com/Montana.html#sfr<br>Tel: 406-223-9230]]></description>
        <styleUrl>#icon-960-DB4436</styleUrl>
        <Point>
          <coordinates>
            -110.90469,45.19466,0
          </coordinates>
        </Point>
      </Placemark>
      <Placemark>
        <name>MT - Ennis
</name>
        <description><![CDATA[High Prairie Akers<br>www.horsemotel.com/Montana.html#hpa<br>Tel: 970-215-2659 or 901-652-1615]]></description>
        <styleUrl>#icon-960-DB4436</styleUrl>
        <Point>
          <coordinates>
            -111.784461,45.211957,0
          </coordinates>
        </Point>
      </Placemark>
      <Placemark>
        <name>MT - Ennis
</name>
        <description><![CDATA[Ennis Horse Motel<br>www.horsemotel.com/Montana.html#ehm<br>Tel: 901-652-1615]]></description>
        <styleUrl>#icon-960-DB4436</styleUrl>
        <Point>
          <coordinates>
            -111.77366,45.20971,0
          </coordinates>
        </Point>
      </Placemark>
      <Placemark>
        <name>MT - Florence</name>
        <description><![CDATA[Maple Mounten Stables, LLC<br>www.horsemotel.com/Montana.html#mms<br>Tel: 406-493-0431]]></description>
        <styleUrl>#icon-960-DB4436</styleUrl>
        <Point>
          <coordinates>
            -114.08469,46.68585,0
          </coordinates>
        </Point>
      </Placemark>
      <Placemark>
        <name>MT - Helena
</name>
        <description><![CDATA[Hummingbird Ranch, LLC<br>www.horsemotel.com/Montana.html#hbr<br>Tel: 406-502-8528]]></description>
        <styleUrl>#icon-960-DB4436</styleUrl>
        <Point>
          <coordinates>
            -112.050305555556,46.66825,0
          </coordinates>
        </Point>
      </Placemark>
      <Placemark>
        <name>MT - Kalispell</name>
        <description><![CDATA[Rest Awhile Ranch<br>www.horsemotel.com/Montana.html#rar<br>Tel: 909-224-3191]]></description>
        <styleUrl>#icon-960-DB4436</styleUrl>
        <Point>
          <coordinates>
            -114.180361111111,48.1341666666667,0
          </coordinates>
        </Point>
      </Placemark>
      <Placemark>
        <name>MT - Libby</name>
        <description><![CDATA[NFR, Nisbet Family Ranch<br>http://www.horsemotel.com/Montana.html#nfr<br>Tel: 805-338-9011]]></description>
        <styleUrl>#icon-960-DB4436</styleUrl>
        <Point>
          <coordinates>
            -115.474638888889,48.282,0
          </coordinates>
        </Point>
      </Placemark>
      <Placemark>
        <name>MT - Livingston</name>
        <description><![CDATA[Wineglass Ranch<br>www.horsemotel.com/Montana.html#wgr<br>Tel: 406-224-0658]]></description>
        <styleUrl>#icon-960-DB4436</styleUrl>
        <Point>
          <coordinates>
            -110.589111111111,45.6245,0
          </coordinates>
        </Point>
      </Placemark>
      <Placemark>
        <name>MT - Manhattan</name>
        <description><![CDATA[GRIZZLY ROCK RANCH<br>www.horsemotel.com/Montana.html#grr<br>Tel: 406-599-5690]]></description>
        <styleUrl>#icon-960-DB4436</styleUrl>
        <Point>
          <coordinates>
            -111.295,45.9413333333333,0
          </coordinates>
        </Point>
      </Placemark>
      <Placemark>
        <name>MT - Miles City
</name>
        <description><![CDATA[Schweigert Performance Horses, LLC<br>www.horsemotel.com/Montana.html#sph<br>Tel: 208-861-6811]]></description>
        <styleUrl>#icon-960-DB4436</styleUrl>
        <Point>
          <coordinates>
            -105.813388888889,46.4263333333333,0
          </coordinates>
        </Point>
      </Placemark>
      <Placemark>
        <name>MT - Missoula
</name>
        <description><![CDATA[Grass Valley Stable<br>www.horsemotel.com/Montana.html#gvs<br>Tel: 406-239-2484]]></description>
        <styleUrl>#icon-960-DB4436</styleUrl>
        <Point>
          <coordinates>
            -114.130305555556,46.9089722222222,0
          </coordinates>
        </Point>
      </Placemark>
      <Placemark>
        <name>MT - Polson</name>
        <description><![CDATA[Kings Grace Restorative Ranch<br>www.horsemotel.com/Montana.html#kgr<br>Tel: 406-885-0319]]></description>
        <styleUrl>#icon-960-DB4436</styleUrl>
        <Point>
          <coordinates>
            -114.259305555556,47.6313888888889,0
          </coordinates>
        </Point>
      </Placemark>
      <Placemark>
        <name>MT - Ramsay
</name>
        <description><![CDATA[Rocking H Ranch<br>www.horsemotel.com/Montana.html#rhr<br>Tel: 406-209-7302]]></description>
        <styleUrl>#icon-960-DB4436</styleUrl>
        <Point>
          <coordinates>
            -112.75904,46.04473,0
          </coordinates>
        </Point>
      </Placemark>
      <Placemark>
        <name>MT - Roberts
</name>
        <description><![CDATA[Red Lodge Horse Motel<br>www.horsemotel.com/Montana.html#rlh<br>Tel: 406-579-8605]]></description>
        <styleUrl>#icon-960-DB4436</styleUrl>
        <Point>
          <coordinates>
            -109.227027777778,45.23675,0
          </coordinates>
        </Point>
      </Placemark>
      <Placemark>
        <name>MT - Trout Creek</name>
        <description><![CDATA[Trout Creek Guest House & Horse Hotel<br>www.horsemotel.com/Montana.html#tcg<br>Tel: 406-827-5240 or 717-669-6480]]></description>
        <styleUrl>#icon-960-DB4436</styleUrl>
        <Point>
          <coordinates>
            -115.448468,47.728065,0
          </coordinates>
        </Point>
      </Placemark>
      <Placemark>
        <name>MT - Vaughn</name>
        <description><![CDATA[406 Arena<br>www.horsemotel.com/Montana.html#fos<br>Tel: 406-590-8682]]></description>
        <styleUrl>#icon-960-DB4436</styleUrl>
        <Point>
          <coordinates>
            -111.56476,47.55345,0
          </coordinates>
        </Point>
      </Placemark>
      <Placemark>
        <name>MT - West Yellowstone</name>
        <description><![CDATA[Diamond P Ranch Horse Motel<br>www.horsemotel.com/Montana.html#hmdp<br>Tel: 406-646-0606]]></description>
        <styleUrl>#icon-960-DB4436</styleUrl>
        <Point>
          <coordinates>
            -111.225601,44.686282,0
          </coordinates>
        </Point>
      </Placemark>
      <Placemark>
        <name>MT - Whitefish
</name>
        <description><![CDATA[Bailey's Bed'n Bale LLC<br>www.horsemotel.com/Montana.html#bbb<br>Tel: 406-270-1603]]></description>
        <styleUrl>#icon-960-DB4436</styleUrl>
        <Point>
          <coordinates>
            -114.291222222222,48.4281111111111,0
          </coordinates>
        </Point>
      </Placemark>
      <Placemark>
        <name>MT - Whitefish
</name>
        <description><![CDATA[Whitefish Horse Motel<br>www.horsemotel.com/Montana.html#sh<br>Tel: 406-260-8725]]></description>
        <styleUrl>#icon-960-DB4436</styleUrl>
        <Point>
          <coordinates>
            -114.341333333333,48.3389166666667,0
          </coordinates>
        </Point>
      </Placemark>
      <Placemark>
        <name>NE - Alliance</name>
        <description><![CDATA[Bronco Lake Stables<br>www.horsemotel.com/Nebraska.html#bls<br>Tel: 270-307-8852]]></description>
        <styleUrl>#icon-960-DB4436</styleUrl>
        <Point>
          <coordinates>
            -102.941111111111,42.0745,0
          </coordinates>
        </Point>
      </Placemark>
      <Placemark>
        <name>NE - Aurora</name>
        <description><![CDATA[NE - Aurora<br>Kremer Hay Company<br>www.horsemotel.com/Nebraska.html#kremer<br>Tel: 402-631-1401]]></description>
        <styleUrl>#icon-960-DB4436</styleUrl>
        <Point>
          <coordinates>
            -98.01351,40.85722,0
          </coordinates>
        </Point>
      </Placemark>
      <Placemark>
        <name>NE - Beaver Crossing</name>
        <description><![CDATA[Triple E Equine, LLC<br>www.horsemotel.com/Nebraska.html#tec<br>Tel: 402-643-8018 or 402-646-0539]]></description>
        <styleUrl>#icon-960-DB4436</styleUrl>
        <Point>
          <coordinates>
            -97.216261,40.795539,0
          </coordinates>
        </Point>
      </Placemark>
      <Placemark>
        <name>NE - Big Springs</name>
        <description><![CDATA[HQH Stables & Campsite<br>www.horsemotel.com/Nebraska.html#hqh<br>Tel: 308-889-3538 or 308-289-6618]]></description>
        <styleUrl>#icon-960-DB4436</styleUrl>
        <Point>
          <coordinates>
            -102.07402,41.06301,0
          </coordinates>
        </Point>
      </Placemark>
      <Placemark>
        <name>NE - Brady</name>
        <description><![CDATA[NC River Ranch<br>www.horsemotel.com/Nebraska.html#ncrr<br>Tel: 308-529-2164]]></description>
        <styleUrl>#icon-960-DB4436</styleUrl>
        <Point>
          <coordinates>
            -100.50595,41.03275,0
          </coordinates>
        </Point>
      </Placemark>
      <Placemark>
        <name>NE - Chadron</name>
        <description><![CDATA[RUJODEN Ranch Horse Motel<br>www.horsemotel.com/Nebraska.html#rrh<br>Tel: 308-432-5954]]></description>
        <styleUrl>#icon-960-DB4436</styleUrl>
        <Point>
          <coordinates>
            -103.009268,42.756794,0
          </coordinates>
        </Point>
      </Placemark>
      <Placemark>
        <name>NE - Geneva</name>
        <description><![CDATA[J Bar D Ranch<br>www.horsemotel.com/Nebraska.html#jbd<br>Tel: 402-759-3095]]></description>
        <styleUrl>#icon-960-DB4436</styleUrl>
        <Point>
          <coordinates>
            -97.595972,40.540305,0
          </coordinates>
        </Point>
      </Placemark>
      <Placemark>
        <name>NE - Grand Island</name>
        <description><![CDATA[Lazy K Arena<br>www.horsemotel.com/Nebraska.html#lka<br>Tel: 308-208-2020]]></description>
        <styleUrl>#icon-960-DB4436</styleUrl>
        <Point>
          <coordinates>
            -98.3401944444444,40.8471666666667,0
          </coordinates>
        </Point>
      </Placemark>
      <Placemark>
        <name>NE - Hay Springs</name>
        <description><![CDATA[Lazy A Ranch<br>www.horsemotel.com/Nebraska.html#lar<br>Tel: 308-430-0969]]></description>
        <styleUrl>#icon-960-DB4436</styleUrl>
        <Point>
          <coordinates>
            -102.773722,42.687167,0
          </coordinates>
        </Point>
      </Placemark>
      <Placemark>
        <name>NE - Lexington</name>
        <description><![CDATA[Dawson County Fairgrounds<br>www.horsemotel.com/Nebraska.html#dawson<br>Tel: 308-324-3600]]></description>
        <styleUrl>#icon-960-DB4436</styleUrl>
        <Point>
          <coordinates>
            -99.738972,40.768194,0
          </coordinates>
        </Point>
      </Placemark>
      <Placemark>
        <name>NE - Lincoln</name>
        <description><![CDATA[K/B Stables<br>www.horsemotel.com/Nebraska.html#kb<br>Tel: 402-465-5855 or 402-429-0925]]></description>
        <styleUrl>#icon-960-DB4436</styleUrl>
        <Point>
          <coordinates>
            -96.58471,40.87286,0
          </coordinates>
        </Point>
      </Placemark>
      <Placemark>
        <name>NE - Nebraska City
</name>
        <description><![CDATA[Diesel Rodeo Productions<br>www.horsemotel.com/Nebraska.html#drp<br>Tel: 402-305-2488]]></description>
        <styleUrl>#icon-960-DB4436</styleUrl>
        <Point>
          <coordinates>
            -95.9343333333333,40.5894722222222,0
          </coordinates>
        </Point>
      </Placemark>
      <Placemark>
        <name>NE - Norfolk</name>
        <description><![CDATA[Husker Horse Hotel<br>www.horsemotel.com/Nebraska.html#hhh<br>Tel: 402-649-2263]]></description>
        <styleUrl>#icon-960-DB4436</styleUrl>
        <Point>
          <coordinates>
            -97.405929,42.119843,0
          </coordinates>
        </Point>
      </Placemark>
      <Placemark>
        <name>NE - Ogallala</name>
        <description><![CDATA[Jump Rope Stables, LLC<br>www.horsemotel.com/Nebraska.html#jrs<br>Tel: 308-289-1861]]></description>
        <styleUrl>#icon-960-DB4436</styleUrl>
        <Point>
          <coordinates>
            -101.763502,41.091004,0
          </coordinates>
        </Point>
      </Placemark>
      <Placemark>
        <name>NE - Sidney</name>
        <description><![CDATA[Tumbleweed Stables<br>www.horsemotel.com/Nebraska.html#tws<br>Tel: 308-249-1935]]></description>
        <styleUrl>#icon-960-DB4436</styleUrl>
        <Point>
          <coordinates>
            -102.917807,41.047916,0
          </coordinates>
        </Point>
      </Placemark>
      <Placemark>
        <name>NE - Waverly</name>
        <description><![CDATA[I-80 Equine<br>www.horsemotel.com/Nebraska.html#iee<br>Tel: 402-416-4771]]></description>
        <styleUrl>#icon-960-DB4436</styleUrl>
        <Point>
          <coordinates>
            -96.4898888888889,40.9123888888889,0
          </coordinates>
        </Point>
      </Placemark>
      <Placemark>
        <name>NE - York</name>
        <description><![CDATA[Diamond B, Inc.<br>www.horsemotel.com/Nebraska.html#b<br>Tel: 402-362-5439]]></description>
        <styleUrl>#icon-960-DB4436</styleUrl>
        <Point>
          <coordinates>
            -97.61621,40.91971,0
          </coordinates>
        </Point>
      </Placemark>
      <Placemark>
        <name>NV - Las Vegas
</name>
        <description><![CDATA[Fly Again Ranch<br>www.horsemotel.com/Nevada.html#far<br>Tel: 702-496-0987]]></description>
        <styleUrl>#icon-960-DB4436</styleUrl>
        <Point>
          <coordinates>
            -115.162222,36.033583,0
          </coordinates>
        </Point>
      </Placemark>
      <Placemark>
        <name>NV - Las Vegas</name>
        <description><![CDATA[Steel Horse Ranch, LLC<br>www.horsemotel.com/Nevada.html#beck<br>Tel: 702-350-9563]]></description>
        <styleUrl>#icon-960-DB4436</styleUrl>
        <Point>
          <coordinates>
            -115.16394,36.03779,0
          </coordinates>
        </Point>
      </Placemark>
      <Placemark>
        <name>NV - Las Vegas
</name>
        <description><![CDATA[Hearts & Stars Ranch<br>www.horsemotel.com/Nevada.html#hsr<br>Tel: 310-704-7101]]></description>
        <styleUrl>#icon-960-DB4436</styleUrl>
        <Point>
          <coordinates>
            -115.228093,36.299642,0
          </coordinates>
        </Point>
      </Placemark>
      <Placemark>
        <name>NV - Pahrump</name>
        <description><![CDATA[Ti-Rod Ranch Boarding Facility<br>www.horsemotel.com/Nevada.html#trr<br>Tel: 702-303-9149]]></description>
        <styleUrl>#icon-960-DB4436</styleUrl>
        <Point>
          <coordinates>
            -115.971555555556,36.1391944444444,0
          </coordinates>
        </Point>
      </Placemark>
      <Placemark>
        <name>NV - Panaca
</name>
        <description><![CDATA[9 Brothers Ranch<br>www.horsemotel.com/Nevada.html#nbr<br>Tel: 806-577-9215]]></description>
        <styleUrl>#icon-960-DB4436</styleUrl>
        <Point>
          <coordinates>
            -114.389194444444,37.7887222222222,0
          </coordinates>
        </Point>
      </Placemark>
      <Placemark>
        <name>NV - Reno</name>
        <description><![CDATA[N2 Mule Ranch<br>www.horsemotel.com/Nevada.html#ntwo<br>Tel: 775-970-5425]]></description>
        <styleUrl>#icon-960-DB4436</styleUrl>
        <Point>
          <coordinates>
            -119.80572,39.77921,0
          </coordinates>
        </Point>
      </Placemark>
      <Placemark>
        <name>NV - Washoe Valley
</name>
        <description><![CDATA[Franktown Meadows Equestrian Facility<br>www.horsemotel.com/Nevada.html#fme<br>Tel: 775-722-4261]]></description>
        <styleUrl>#icon-960-DB4436</styleUrl>
        <Point>
          <coordinates>
            -119.840555555556,39.2816388888889,0
          </coordinates>
        </Point>
      </Placemark>
      <Placemark>
        <name>NV - Wells</name>
        <description><![CDATA[B-M Arena<br>www.horsemotel.com/Nevada.html#bma<br>Tel: 775-752-3714]]></description>
        <styleUrl>#icon-960-DB4436</styleUrl>
        <Point>
          <coordinates>
            -114.96971,41.09599,0
          </coordinates>
        </Point>
      </Placemark>
      <Placemark>
        <name>NH - Auburn
</name>
        <description><![CDATA[Pingree Hill Farm<br>www.horsemotel.com/NewHampshire.html#phf<br>Tel: 603-703-2462]]></description>
        <styleUrl>#icon-960-DB4436</styleUrl>
        <Point>
          <coordinates>
            -71.314019,42.944419,0
          </coordinates>
        </Point>
      </Placemark>
      <Placemark>
        <name>NH - Belmont
</name>
        <description><![CDATA[The Spot! <br>www.horsemotel.com/NewHampshire.html#tsp<br>Tel:]]></description>
        <styleUrl>#icon-960-DB4436</styleUrl>
        <Point>
          <coordinates>
            -71.443123,43.494092,0
          </coordinates>
        </Point>
      </Placemark>
      <Placemark>
        <name>NH - Epping</name>
        <description><![CDATA[Riley's Farm<br>www.horsemotel.com/NewHampshire.html#riley<br>Tel: 603-793-9919]]></description>
        <styleUrl>#icon-960-DB4436</styleUrl>
        <Point>
          <coordinates>
            -71.04099,43.05278,0
          </coordinates>
        </Point>
      </Placemark>
      <Placemark>
        <name>NH - Nottingham</name>
        <description><![CDATA[Free Spirit Farm<br>http://www.horsemotel.com/NewHampshire.html#fsf<br>Tel: 781-799-7150]]></description>
        <styleUrl>#icon-960-DB4436</styleUrl>
        <Point>
          <coordinates>
            -71.0293888888889,43.1349166666667,0
          </coordinates>
        </Point>
      </Placemark>
      <Placemark>
        <name>NJ - Columbus</name>
        <description><![CDATA[Blairwood Farms, Inc.<br>www.horsemotel.com/NewJersey.html#blairwood<br>Tel: 609-723-1155 or 609-658-7950]]></description>
        <styleUrl>#icon-960-DB4436</styleUrl>
        <Point>
          <coordinates>
            -74.71472,40.05016,0
          </coordinates>
        </Point>
      </Placemark>
      <Placemark>
        <name>NJ - Lambertville
</name>
        <description><![CDATA[BDR Legacy Farm<br>www.horsemotel.com/NewJersey.html#bdr<br>Tel: 215-939-1473]]></description>
        <styleUrl>#icon-960-DB4436</styleUrl>
        <Point>
          <coordinates>
            -74.9113888888889,40.3475833333333,0
          </coordinates>
        </Point>
      </Placemark>
      <Placemark>
        <name>NJ - Monroe
</name>
        <description><![CDATA[TK Rest Stop<br>www.horsemotel.com/NewJersey.html#tkr<br>Tel: tel:908-907-6401]]></description>
        <styleUrl>#icon-960-DB4436</styleUrl>
        <Point>
          <coordinates>
            -74.4354166666667,40.3479722222222,0
          </coordinates>
        </Point>
      </Placemark>
      <Placemark>
        <name>NM - Albuquerque</name>
        <description><![CDATA[Broken M Ranch<br>www.horsemotel.com/NewMexico.html#m<br>Tel: Ranch - 505-877-9433]]></description>
        <styleUrl>#icon-960-DB4436</styleUrl>
        <Point>
          <coordinates>
            -106.71768,35.01239,0
          </coordinates>
        </Point>
      </Placemark>
      <Placemark>
        <name>NM - Albuquerque</name>
        <description><![CDATA[Spur Stables, LLC<br>www.horsemotel.com/NewMexico.html#ssa<br>Tel: 505-382-2370]]></description>
        <styleUrl>#icon-960-DB4436</styleUrl>
        <Point>
          <coordinates>
            -106.692671,35.014494,0
          </coordinates>
        </Point>
      </Placemark>
      <Placemark>
        <name>NM - Algodones
</name>
        <description><![CDATA[Rio Grande Horse Hotel<br>www.horsemotel.com/NewMexico.html#rgh<br>Tel: 505-681-4242]]></description>
        <styleUrl>#icon-960-DB4436</styleUrl>
        <Point>
          <coordinates>
            -106.49489,35.372714,0
          </coordinates>
        </Point>
      </Placemark>
      <Placemark>
        <name>NM - Anthony</name>
        <description><![CDATA[Open Heart G Farms<br>www.horsemotel.com/NewMexico.html#open<br>Tel: 915-920-5169]]></description>
        <styleUrl>#icon-960-DB4436</styleUrl>
        <Point>
          <coordinates>
            -106.61523,32.02917,0
          </coordinates>
        </Point>
      </Placemark>
      <Placemark>
        <name>NM - Bosque</name>
        <description><![CDATA[Kiva RV Park and Horse Motel<br>www.horsemotel.com/NewMexico.html#krv<br>Tel: 505-274-6290]]></description>
        <styleUrl>#icon-960-DB4436</styleUrl>
        <Point>
          <coordinates>
            -106.844138888889,34.4155555555556,0
          </coordinates>
        </Point>
      </Placemark>
      <Placemark>
        <name>NM - Carlsbad
</name>
        <description><![CDATA[Willow Wells Equine Ranch<br>www.horsemotel.com/NewMexico.html#wwe<br>Tel: 575-706-2794]]></description>
        <styleUrl>#icon-960-DB4436</styleUrl>
        <Point>
          <coordinates>
            -104.22659,32.513999,0
          </coordinates>
        </Point>
      </Placemark>
      <Placemark>
        <name>NM - Clayton</name>
        <description><![CDATA[Rocking V Stable Equestrian Facilities<br>www.horsemotel.com/NewMexico.html#rvs<br>Tel: 575-760-8685 or 575-760-2047]]></description>
        <styleUrl>#icon-960-DB4436</styleUrl>
        <Point>
          <coordinates>
            -103.1841,36.45169,0
          </coordinates>
        </Point>
      </Placemark>
      <Placemark>
        <name>NM - Deming</name>
        <description><![CDATA[Lazy KO Ranch<br>www.horsemotel.com/NewMexico.html#lko<br>Tel: 602-575-3340]]></description>
        <styleUrl>#icon-960-DB4436</styleUrl>
        <Point>
          <coordinates>
            -107.517139,32.243222,0
          </coordinates>
        </Point>
      </Placemark>
      <Placemark>
        <name>NM - Deming
</name>
        <description><![CDATA[Lazy Sue Ranch<br>www.horsemotel.com/NewMexico.html#sue<br>Tel: 469-580-2451]]></description>
        <styleUrl>#icon-960-DB4436</styleUrl>
        <Point>
          <coordinates>
            -107.538172,32.221327,0
          </coordinates>
        </Point>
      </Placemark>
      <Placemark>
        <name>NM - Edgewood</name>
        <description><![CDATA[Sweet Melody Farm, LLC<br>www.horsemotel.com/NewMexico.html#smf<br>Tel: 541-490-8224]]></description>
        <styleUrl>#icon-960-DB4436</styleUrl>
        <Point>
          <coordinates>
            -106.211307,35.111588,0
          </coordinates>
        </Point>
      </Placemark>
      <Placemark>
        <name>NM - Edgewood</name>
        <description><![CDATA[Just Keep Swimming, Inc.<br>www.horsemotel.com/NewMexico.html#jks<br>Tel: 850-276-4347]]></description>
        <styleUrl>#icon-960-DB4436</styleUrl>
        <Point>
          <coordinates>
            -106.191611111111,35.1351388888889,0
          </coordinates>
        </Point>
      </Placemark>
      <Placemark>
        <name>NM - Edgewood</name>
        <description><![CDATA[TCB Ranch<br>www.horsemotel.com/NewMexico.html#tcb<br>Tel: 661-645-1134]]></description>
        <styleUrl>#icon-960-DB4436</styleUrl>
        <Point>
          <coordinates>
            -106.191583333333,35.1255833333333,0
          </coordinates>
        </Point>
      </Placemark>
      <Placemark>
        <name>NM - Farmington</name>
        <description><![CDATA[Carter's Stables, LLC<br>www.horsemotel.com/NewMexico.html#carter<br>Tel: Tel: 505-330-3066]]></description>
        <styleUrl>#icon-960-DB4436</styleUrl>
        <Point>
          <coordinates>
            -108.13863,36.76071,0
          </coordinates>
        </Point>
      </Placemark>
      <Placemark>
        <name>NM - Grants</name>
        <description><![CDATA[Slash M Slash Ranch<br>www.horsemotel.com/NewMexico.html#slash<br>Tel: 505-290-7836 or 505-290-2646 or <br>505-290-1728]]></description>
        <styleUrl>#icon-960-DB4436</styleUrl>
        <Point>
          <coordinates>
            -107.887,35.05997,0
          </coordinates>
        </Point>
      </Placemark>
      <Placemark>
        <name>NM - Las Vegas
</name>
        <description><![CDATA[Bar Key Horse Motel<br>www.horsemotel.com/NewMexico.html#bkh<br>Tel: 505-620-1040]]></description>
        <styleUrl>#icon-960-DB4436</styleUrl>
        <Point>
          <coordinates>
            -105.396212,35.703768,0
          </coordinates>
        </Point>
      </Placemark>
      <Placemark>
        <name>NM - Mayhill</name>
        <description><![CDATA[High Country Arena<br>www.horsemotel.com/NewMexico.html#hca<br>Tel: 575-687-2146]]></description>
        <styleUrl>#icon-960-DB4436</styleUrl>
        <Point>
          <coordinates>
            -105.459419,32.911887,0
          </coordinates>
        </Point>
      </Placemark>
      <Placemark>
        <name>NM - Ramah</name>
        <description><![CDATA[That's Western<br>www.horsemotel.com/NewMexico.html#tsw<br>Tel: 505-495-8389]]></description>
        <styleUrl>#icon-960-DB4436</styleUrl>
        <Point>
          <coordinates>
            -108.49174,35.13308,0
          </coordinates>
        </Point>
      </Placemark>
      <Placemark>
        <name>NM - Raton</name>
        <description><![CDATA[Wellspring Ranch & Stables<br>www.horsemotel.com/NewMexico.html#jackson<br>Tel:  575-707-8139]]></description>
        <styleUrl>#icon-960-DB4436</styleUrl>
        <Point>
          <coordinates>
            -104.42128,36.89735,0
          </coordinates>
        </Point>
      </Placemark>
      <Placemark>
        <name>NM - Rodeo</name>
        <description><![CDATA[Caballos de las Estrellas<br>www.horsemotel.com/NewMexico.html#cdl<br>Tel: 575-557-6465]]></description>
        <styleUrl>#icon-960-DB4436</styleUrl>
        <Point>
          <coordinates>
            -109.044305555556,31.9341111111111,0
          </coordinates>
        </Point>
      </Placemark>
      <Placemark>
        <name>NM - Roswell</name>
        <description><![CDATA[J BAR C HORSE MOTEL<br>www.horsemotel.com/NewMexico.html#jbarc<br>Tel: 575-626-5294]]></description>
        <styleUrl>#icon-960-DB4436</styleUrl>
        <Point>
          <coordinates>
            -104.50993,33.32206,0
          </coordinates>
        </Point>
      </Placemark>
      <Placemark>
        <name>NM - Stanley
</name>
        <description><![CDATA[Rockin Horse Ranch<br>www.horsemotel.com/NewMexico.html#rkhr<br>Tel: Tel: Patty: 505-301-3772 <br>or Lonnie: 505-440-3039]]></description>
        <styleUrl>#icon-960-DB4436</styleUrl>
        <Point>
          <coordinates>
            -106.00594,35.06957,0
          </coordinates>
        </Point>
      </Placemark>
      <Placemark>
        <name>NM - Tucumcari
</name>
        <description><![CDATA[Cassetta Critter Care<br>www.horsemotel.com/NewMexico.html#ccc<br>Tel: 603-731-4956]]></description>
        <styleUrl>#icon-960-DB4436</styleUrl>
        <Point>
          <coordinates>
            -103.70812,35.1793,0
          </coordinates>
        </Point>
      </Placemark>
      <Placemark>
        <name>NM - Tucumcari</name>
        <description><![CDATA[Blaze-in-Saddle RV Park<br>www.horsemotel.com/NewMexico.html#bis<br>Tel: 575-815-4085]]></description>
        <styleUrl>#icon-960-DB4436</styleUrl>
        <Point>
          <coordinates>
            -103.693611111111,35.17175,0
          </coordinates>
        </Point>
      </Placemark>
      <Placemark>
        <name>NY - Bath
</name>
        <description><![CDATA[Wilkins Performance Horses<br>www.horsemotel.com/NewYork.html#wph<br>Tel: 607-661-9920]]></description>
        <styleUrl>#icon-960-DB4436</styleUrl>
        <Point>
          <coordinates>
            -77.373278,42.303,0
          </coordinates>
        </Point>
      </Placemark>
      <Placemark>
        <name>NY - Cambridge</name>
        <description><![CDATA[Red Roan Ranch<br>www.horsemotel.com/NewYork.html#rrr<br>Tel: 802-265-0702]]></description>
        <styleUrl>#icon-960-DB4436</styleUrl>
        <Point>
          <coordinates>
            -73.28958,43.035,0
          </coordinates>
        </Point>
      </Placemark>
      <Placemark>
        <name>NY - Cattaraugus</name>
        <description><![CDATA[Boyd Family Ranch<br>www.horsemotel.com/NewYork.html#bfr<br>Tel: 716-713-1699]]></description>
        <styleUrl>#icon-960-DB4436</styleUrl>
        <Point>
          <coordinates>
            -78.8286111111111,42.3678055555556,0
          </coordinates>
        </Point>
      </Placemark>
      <Placemark>
        <name>NY - Corfu</name>
        <description><![CDATA[Heritage Ridge Equestrian Center<br>www.horsemotel.com/NewYork.html#hre<br>Tel: 716 946-4163]]></description>
        <styleUrl>#icon-960-DB4436</styleUrl>
        <Point>
          <coordinates>
            -78.440882,42.943766,0
          </coordinates>
        </Point>
      </Placemark>
      <Placemark>
        <name>NY - Geneseo
</name>
        <description><![CDATA[Leg Up Stables<br>https://www.horsemotel.com/NewYork.html#lus<br>Tel:]]></description>
        <styleUrl>#icon-960-DB4436</styleUrl>
        <Point>
          <coordinates>
            -77.790495,42.828282,0
          </coordinates>
        </Point>
      </Placemark>
      <Placemark>
        <name>NY - Greenfield Center</name>
        <description><![CDATA[Loon Meadow Farm<br>www.horsemotel.com/NewYork.html#lmf<br>Tel: 518-893-6116]]></description>
        <styleUrl>#icon-960-DB4436</styleUrl>
        <Point>
          <coordinates>
            -73.826889,43.153417,0
          </coordinates>
        </Point>
      </Placemark>
      <Placemark>
        <name>NY - Ilion</name>
        <description><![CDATA[Never Done Farm<br>www.horsemotel.com/NewYork.html#ndf<br>Tel: 607-437-0892]]></description>
        <styleUrl>#icon-960-DB4436</styleUrl>
        <Point>
          <coordinates>
            -75.07342,42.96527,0
          </coordinates>
        </Point>
      </Placemark>
      <Placemark>
        <name>NY - Port Crane</name>
        <description><![CDATA[HH Riders Trail and Riding Club<br>www.horsemotel.com/NewYork.html#hhr<br>Tel: 607-244-2763]]></description>
        <styleUrl>#icon-960-DB4436</styleUrl>
        <Point>
          <coordinates>
            -75.7410833333333,42.2315555555556,0
          </coordinates>
        </Point>
      </Placemark>
      <Placemark>
        <name>NY - Rushville
</name>
        <description><![CDATA[Traditions Equine Transport- Hotel and Airbnb<br>www.horsemotel.com/NewYork.html#tet<br>Tel: 315-729-0946]]></description>
        <styleUrl>#icon-960-DB4436</styleUrl>
        <Point>
          <coordinates>
            -77.2743888888889,42.7756111111111,0
          </coordinates>
        </Point>
      </Placemark>
      <Placemark>
        <name>NY - Trumansburg
</name>
        <description><![CDATA[Corner Haven Farm<br>www.horsemotel.com/Newyork.html#chf<br>Tel: 607-387-9557]]></description>
        <styleUrl>#icon-960-DB4436</styleUrl>
        <Point>
          <coordinates>
            -76.684503,42.53481,0
          </coordinates>
        </Point>
      </Placemark>
      <Placemark>
        <name>NY - Walden</name>
        <description><![CDATA[Saddle Brook Farm Animal Rescue<br>www.horsemotel.com/NewYork.html#sbf<br>Tel: 914-804-0958]]></description>
        <styleUrl>#icon-960-DB4436</styleUrl>
        <Point>
          <coordinates>
            -74.1585555555556,41.5442222222222,0
          </coordinates>
        </Point>
      </Placemark>
      <Placemark>
        <name>NC - Bladenboro</name>
        <description><![CDATA[5K Arena<br>www.horsemotel.com/NorthCarolina.html#fka<br>Tel: 910-305-7874]]></description>
        <styleUrl>#icon-960-DB4436</styleUrl>
        <Point>
          <coordinates>
            -78.80625,34.65825,0
          </coordinates>
        </Point>
      </Placemark>
      <Placemark>
        <name>NC - Catawba</name>
        <description><![CDATA[SFW FARM, LLC<br>www.horsemotel.com/NorthCarolina.html#sfw<br>Tel: 704-619-5436]]></description>
        <styleUrl>#icon-960-DB4436</styleUrl>
        <Point>
          <coordinates>
            -81.075622,35.708032,0
          </coordinates>
        </Point>
      </Placemark>
      <Placemark>
        <name>NC - Dobson
</name>
        <description><![CDATA[Fox Trail Farm<br>www.horsemotel.com/NorthCarolina.html#ftf<br>Tel: 954-309-0158]]></description>
        <styleUrl>#icon-960-DB4436</styleUrl>
        <Point>
          <coordinates>
            -80.770266,36.440912,0
          </coordinates>
        </Point>
      </Placemark>
      <Placemark>
        <name>NC - Dunn</name>
        <description><![CDATA[Valentine Farm <br>www.horsemotel.com/NorthCarolina.html#vf<br>Tel: 978-697-8596]]></description>
        <styleUrl>#icon-960-DB4436</styleUrl>
        <Point>
          <coordinates>
            -78.5918,35.25682,0
          </coordinates>
        </Point>
      </Placemark>
      <Placemark>
        <name>NC - Ellenboro
</name>
        <description><![CDATA[Bird's Nest Bunkies & Barn, LLC<br>https://www.horsemotel.com/NorthCarolina.html#bnb<br>Tel: tel:828-453-9816]]></description>
        <styleUrl>#icon-960-DB4436</styleUrl>
        <Point>
          <coordinates>
            -81.743694,35.368556,0
          </coordinates>
        </Point>
      </Placemark>
      <Placemark>
        <name>NC - Elm City</name>
        <description><![CDATA[Cavvietta Quarter Horse & Cattle Co.<br>www.horsemotel.com/NorthCarolina.html#cgh<br>Tel: 919-669-8546]]></description>
        <styleUrl>#icon-960-DB4436</styleUrl>
        <Point>
          <coordinates>
            -77.771487,35.750116,0
          </coordinates>
        </Point>
      </Placemark>
      <Placemark>
        <name>NC - Forest City</name>
        <description><![CDATA[Bed and Barn Farms, LLC<br>www.horsemotel.com/NorthCarolina.html#bbf<br>Tel: 828-248-4463]]></description>
        <styleUrl>#icon-960-DB4436</styleUrl>
        <Point>
          <coordinates>
            -81.93262,35.28848,0
          </coordinates>
        </Point>
      </Placemark>
      <Placemark>
        <name>NC - Frisco</name>
        <description><![CDATA[Sugar Ridge Ranch<br>www.horsemotel.com/NorthCarolina.html#srr<br>Tel: 252-489-0952]]></description>
        <styleUrl>#icon-960-DB4436</styleUrl>
        <Point>
          <coordinates>
            -75.6217222222222,35.2355833333333,0
          </coordinates>
        </Point>
      </Placemark>
      <Placemark>
        <name>NC - Hollister
</name>
        <description><![CDATA[Double Lee Farm<br>www.horsemotel.com/NorthCarolina.html#dlf<br>Tel: 252-257-1959]]></description>
        <styleUrl>#icon-960-DB4436</styleUrl>
        <Point>
          <coordinates>
            -78.006611,36.207361,0
          </coordinates>
        </Point>
      </Placemark>
      <Placemark>
        <name>NC - Lowgap
</name>
        <description><![CDATA[Palomino Mountain Ranch<br>www.horsemotel.com/NorthCarolina.html#pmr<br>Tel: 336-609-9730]]></description>
        <styleUrl>#icon-960-DB4436</styleUrl>
        <Point>
          <coordinates>
            -80.8539166666667,36.5100833333333,0
          </coordinates>
        </Point>
      </Placemark>
      <Placemark>
        <name>NC - Mooresville
</name>
        <description><![CDATA[Kingfisher Park Equestrian<br>www.horsemotel.com/NorthCarolina.html#kpe<br>Tel: 919-357-3949]]></description>
        <styleUrl>#icon-960-DB4436</styleUrl>
        <Point>
          <coordinates>
            -80.721295,35.599445,0
          </coordinates>
        </Point>
      </Placemark>
      <Placemark>
        <name>NC - Mooresville
</name>
        <description><![CDATA[Noble Acres<br>www.horsemotel.com/NorthCarolina.html#nac<br>Tel: 704-458-7272]]></description>
        <styleUrl>#icon-960-DB4436</styleUrl>
        <Point>
          <coordinates>
            -80.8455555555555,35.6550277777778,0
          </coordinates>
        </Point>
      </Placemark>
      <Placemark>
        <name>NC - Mt Airy</name>
        <description><![CDATA[Mt Airy Horse Stables<br>www.horsemotel.com/NorthCarolina.html#mas<br>Tel: 910-200-8402]]></description>
        <styleUrl>#icon-960-DB4436</styleUrl>
        <Point>
          <coordinates>
            -80.60091,36.54765,0
          </coordinates>
        </Point>
      </Placemark>
      <Placemark>
        <name>NC - Parkton</name>
        <description><![CDATA[Parkton Place<br>www.horsemotel.com/NorthCarolina.html#hwk<br>Tel: 910-494-5888]]></description>
        <styleUrl>#icon-960-DB4436</styleUrl>
        <Point>
          <coordinates>
            -79.020903,34.929779,0
          </coordinates>
        </Point>
      </Placemark>
      <Placemark>
        <name>NC - Rowland
</name>
        <description><![CDATA[Sally's Ark<br>www.horsemotel.com/NorthCarolina.html#ark<br>Tel: 910-422-9955]]></description>
        <styleUrl>#icon-960-DB4436</styleUrl>
        <Point>
          <coordinates>
            -79.2539166666667,34.4862222222222,0
          </coordinates>
        </Point>
      </Placemark>
      <Placemark>
        <name>NC - Southern Pines</name>
        <description><![CDATA[The Regal Roost<br>www.horsemotel.com/NorthCarolina.html#trr<br>Tel: 910-603-3162]]></description>
        <styleUrl>#icon-960-DB4436</styleUrl>
        <Point>
          <coordinates>
            -79.3548333333333,35.1476388888889,0
          </coordinates>
        </Point>
      </Placemark>
      <Placemark>
        <name>NC - Summerfield
</name>
        <description><![CDATA[Lil'Aspen Farm<br>www.horsemotel.com/NorthCarolina.html#laf<br>Tel: 336-362-8747]]></description>
        <styleUrl>#icon-960-DB4436</styleUrl>
        <Point>
          <coordinates>
            -79.8984722222222,36.2178055555556,0
          </coordinates>
        </Point>
      </Placemark>
      <Placemark>
        <name>NC - Waynesville</name>
        <description><![CDATA[Holbel Farm<br>www.horsemotel.com/NorthCarolina.html#hbf<br>Tel: 231-350-0838]]></description>
        <styleUrl>#icon-960-DB4436</styleUrl>
        <Point>
          <coordinates>
            -82.9883611111111,35.4886388888889,0
          </coordinates>
        </Point>
      </Placemark>
      <Placemark>
        <name>NC - Wendell
</name>
        <description><![CDATA[JAKS Stables, LLC<br>www.horsemotel.com/NorthCarolina.html#jak<br>Tel: 919-810-0654]]></description>
        <styleUrl>#icon-960-DB4436</styleUrl>
        <Point>
          <coordinates>
            -78.446808,35.86656,0
          </coordinates>
        </Point>
      </Placemark>
      <Placemark>
        <name>NC - Yadkinville
</name>
        <description><![CDATA[Lone Hickory Arena<br>www.horsemotel.com/NorthCarolina.html#lha<br>Tel: 336-469-6097]]></description>
        <styleUrl>#icon-960-DB4436</styleUrl>
        <Point>
          <coordinates>
            -80.706468,36.10079,0
          </coordinates>
        </Point>
      </Placemark>
      <Placemark>
        <name>ND - Burlington
</name>
        <description><![CDATA[Coulee Ridge Ranch<br>https://www.horsemotel.com/NorthDakota.html#crr<br>Tel: 701-721-3754]]></description>
        <styleUrl>#icon-960-DB4436</styleUrl>
        <Point>
          <coordinates>
            -101.5344,48.30129,0
          </coordinates>
        </Point>
      </Placemark>
      <Placemark>
        <name>ND - Mandan
</name>
        <description><![CDATA[Heart River Stables<br>www.horsemotel.com/NorthDakota.html#hrs<br>Tel: 701-226-0067]]></description>
        <styleUrl>#icon-960-DB4436</styleUrl>
        <Point>
          <coordinates>
            -100.92966,46.82205,0
          </coordinates>
        </Point>
      </Placemark>
      <Placemark>
        <name>ND - Tower City</name>
        <description><![CDATA[Tower City Bed, Breakfast & Horse Motel<br>www.horsemotel.com/NorthDakota.html#tower<br>Tel: Cell - 701-490-2660 or <br>Home - 701-749-2660]]></description>
        <styleUrl>#icon-960-DB4436</styleUrl>
        <Point>
          <coordinates>
            -97.67722,46.92495,0
          </coordinates>
        </Point>
      </Placemark>
      <Placemark>
        <name>OH - Bellbrook
</name>
        <description><![CDATA[Sunny Sugarcreek Stables<br>www.horsemotel.com/Ohio.html#sss<br>Tel: 937-203-6383]]></description>
        <styleUrl>#icon-960-DB4436</styleUrl>
        <Point>
          <coordinates>
            -84.0821666666667,39.6167777777778,0
          </coordinates>
        </Point>
      </Placemark>
      <Placemark>
        <name>OH - Bluffton</name>
        <description><![CDATA[Maple Lane Stables<br>www.horsemotel.com/Ohio.html#maple<br>Tel: 419-788-1553]]></description>
        <styleUrl>#icon-960-DB4436</styleUrl>
        <Point>
          <coordinates>
            -83.91135,40.83501,0
          </coordinates>
        </Point>
      </Placemark>
      <Placemark>
        <name>OH - Canal Winchester</name>
        <description><![CDATA[Bellawood Farm<br>www.horsemotel.com/Ohio.html#bwf<br>Tel: 614-578-7809]]></description>
        <styleUrl>#icon-960-DB4436</styleUrl>
        <Point>
          <coordinates>
            -82.8425,39.8058333333333,0
          </coordinates>
        </Point>
      </Placemark>
      <Placemark>
        <name>OH - Castalia</name>
        <description><![CDATA[Maple Crest Horse Farm, LLC<br>www.horsemotel.com/Ohio.html#crest<br>Tel: 419-684-9490 or 419-553-7788 <br>or 419-553-7786]]></description>
        <styleUrl>#icon-960-DB4436</styleUrl>
        <Point>
          <coordinates>
            -82.78597,41.35235,0
          </coordinates>
        </Point>
      </Placemark>
      <Placemark>
        <name>OH - Centerburg
</name>
        <description><![CDATA[Otter Fork Acres, LLC<br>www.horsemotel.com/Ohio.html#ofa<br>Tel: 432-250-1665]]></description>
        <styleUrl>#icon-960-DB4436</styleUrl>
        <Point>
          <coordinates>
            -82.6363888888889,40.2393611111111,0
          </coordinates>
        </Point>
      </Placemark>
      <Placemark>
        <name>OH - Girard
</name>
        <description><![CDATA[CMA Endurance, LLC<br>www.horsemotel.com/Ohio.html#cma<br>Tel: 503-930-6052]]></description>
        <styleUrl>#icon-960-DB4436</styleUrl>
        <Point>
          <coordinates>
            -80.647367,41.190199,0
          </coordinates>
        </Point>
      </Placemark>
      <Placemark>
        <name>OH - Granville</name>
        <description><![CDATA[Bit of Heaven Farm<br>www.horsemotel.com/Ohio.html#boh<br>Tel: 614-746-3969]]></description>
        <styleUrl>#icon-960-DB4436</styleUrl>
        <Point>
          <coordinates>
            -82.553598,40.026156,0
          </coordinates>
        </Point>
      </Placemark>
      <Placemark>
        <name>OH - Heath
</name>
        <description><![CDATA[Rolling Hills Farm and Stables, LLC<br>www.horsemotel.Ohio.html#rhf<br>Tel: 740-707-7834]]></description>
        <styleUrl>#icon-960-DB4436</styleUrl>
        <Point>
          <coordinates>
            -82.4765277777778,39.9924444444444,0
          </coordinates>
        </Point>
      </Placemark>
      <Placemark>
        <name>OH - Jefferson</name>
        <description><![CDATA[Ashley Moores Stables<br>www.horsemotel.com/Ohio.html#ams<br>Tel: 440 576-8949 or 440 813-7709]]></description>
        <styleUrl>#icon-960-DB4436</styleUrl>
        <Point>
          <coordinates>
            -80.790007,41.759035,0
          </coordinates>
        </Point>
      </Placemark>
      <Placemark>
        <name>OH - Madison</name>
        <description><![CDATA[Shillelagh Farm<br>www.horsemotel.com/Ohio.html#shill<br>Tel: 440-477-5086 or 440-477-5087]]></description>
        <styleUrl>#icon-960-DB4436</styleUrl>
        <Point>
          <coordinates>
            -81.11165,41.75097,0
          </coordinates>
        </Point>
      </Placemark>
      <Placemark>
        <name>OH - Plain City
</name>
        <description><![CDATA[R/C Stables<br>https://www.horsemotel.com/Ohio.html#rcs<br>Tel: 614-832-2147]]></description>
        <styleUrl>#icon-960-DB4436</styleUrl>
        <Point>
          <coordinates>
            -83.191256,40.138505,0
          </coordinates>
        </Point>
      </Placemark>
      <Placemark>
        <name>OH - South Charleston
</name>
        <description><![CDATA[Plattsburg Equine Center, LLC<br>www.horsemotel.com/Ohio.html#plattsburg<br>Tel: 937-926-3355]]></description>
        <styleUrl>#icon-960-DB4436</styleUrl>
        <Point>
          <coordinates>
            -83.66768,39.90831,0
          </coordinates>
        </Point>
      </Placemark>
      <Placemark>
        <name>OH - Van Buren
</name>
        <description><![CDATA[The Secret Ranch<br>www.horsemotel.com/Ohio.html#tsr<br>Tel: 267-500-5225]]></description>
        <styleUrl>#icon-960-DB4436</styleUrl>
        <Point>
          <coordinates>
            -83.6313055555555,41.1471666666667,0
          </coordinates>
        </Point>
      </Placemark>
      <Placemark>
        <name>OH - Vermilion
</name>
        <description><![CDATA[Weathertree Farm<br>https://www.horsemotel.com/Ohio.html#wtf<br>Tel: 440-213-0748]]></description>
        <styleUrl>#icon-960-DB4436</styleUrl>
        <Point>
          <coordinates>
            -82.33742,41.391302,0
          </coordinates>
        </Point>
      </Placemark>
      <Placemark>
        <name>OH - Windham</name>
        <description><![CDATA[McGuire Auctioneers<br>www.horsemotel.com/Ohio.html#mcguire<br>Tel: 330-348-1192]]></description>
        <styleUrl>#icon-960-DB4436</styleUrl>
        <Point>
          <coordinates>
            -81.00476,41.24734,0
          </coordinates>
        </Point>
      </Placemark>
      <Placemark>
        <name>OK - Adair</name>
        <description><![CDATA[I-44 Horse Hotel, LLC<br>www.horsemotel.com/Oklahoma.html#IFFHH<br>Tel: 918-323-1555]]></description>
        <styleUrl>#icon-960-DB4436</styleUrl>
        <Point>
          <coordinates>
            -95.39209,36.437944,0
          </coordinates>
        </Point>
      </Placemark>
      <Placemark>
        <name>OK - Blackwell</name>
        <description><![CDATA[Crossroads Equestrian Inn<br>www.horsemotel.com/Oklahoma.html#cei<br>Tel: 620-262-6892]]></description>
        <styleUrl>#icon-960-DB4436</styleUrl>
        <Point>
          <coordinates>
            -97.2985,36.7970833333333,0
          </coordinates>
        </Point>
      </Placemark>
      <Placemark>
        <name>OK - Depew
</name>
        <description><![CDATA[Crossroads Ranch Ministries<br>https://www.horsemotel.com/Oklahoma.html#crm<br>Tel: 918-939-9085]]></description>
        <styleUrl>#icon-960-DB4436</styleUrl>
        <Point>
          <coordinates>
            -96.508841,35.856006,0
          </coordinates>
        </Point>
      </Placemark>
      <Placemark>
        <name>OK - Elk City
</name>
        <description><![CDATA[Black Horse Stables<br>www.horsemotel.com/Oklahoma.html#bhs<br>Tel: 580-799-1690]]></description>
        <styleUrl>#icon-960-DB4436</styleUrl>
        <Point>
          <coordinates>
            -99.417163,35.403686,0
          </coordinates>
        </Point>
      </Placemark>
      <Placemark>
        <name>OK - El Reno</name>
        <description><![CDATA[Cross Creek Horse Training, LLC<br>www.horsemotel.com/Oklahoma.html#cce<br>Tel: 405-831-4155]]></description>
        <styleUrl>#icon-960-DB4436</styleUrl>
        <Point>
          <coordinates>
            -97.896438,35.507878,0
          </coordinates>
        </Point>
      </Placemark>
      <Placemark>
        <name>OK - Guthrie</name>
        <description><![CDATA[Diamond D Ranch<br>(www.horsemotel.com/Oklahoma.html#b<br>Tel: 405-245-4227]]></description>
        <styleUrl>#icon-960-DB4436</styleUrl>
        <Point>
          <coordinates>
            -97.40755,35.77023,0
          </coordinates>
        </Point>
      </Placemark>
      <Placemark>
        <name>OK - Guthrie
</name>
        <description><![CDATA[Cowboy Town Stalls & Rv<br>www.horsemotel.com/Oklahoma.html#cts<br>Tel: 405-612-8546]]></description>
        <styleUrl>#icon-960-DB4436</styleUrl>
        <Point>
          <coordinates>
            -97.4236388888889,35.88,0
          </coordinates>
        </Point>
      </Placemark>
      <Placemark>
        <name>OK - Guthrie
</name>
        <description><![CDATA[KK's Horse Hotel<br>www.horsemotel.com/Oklahoma.html#kkh<br>Tel: 405-369-6619]]></description>
        <styleUrl>#icon-960-DB4436</styleUrl>
        <Point>
          <coordinates>
            -97.4074444444445,35.8070833333333,0
          </coordinates>
        </Point>
      </Placemark>
      <Placemark>
        <name>OK - Guthrie</name>
        <description><![CDATA[Suncatcher Ranch, LLC<br>www.horsemotel.com/Oklahoma.html#scr<br>Tel: 405-517-2979]]></description>
        <styleUrl>#icon-960-DB4436</styleUrl>
        <Point>
          <coordinates>
            -97.3361388888889,35.7822222222222,0
          </coordinates>
        </Point>
      </Placemark>
      <Placemark>
        <name>OK - Henryetta
</name>
        <description><![CDATA[Johnson Ranch Horse Motel<br>www.horsemotel.com/Oklahoma.html#jrh<br>Tel: 903-926-2233]]></description>
        <styleUrl>#icon-960-DB4436</styleUrl>
        <Point>
          <coordinates>
            -96.0104166666667,35.4326666666667,0
          </coordinates>
        </Point>
      </Placemark>
      <Placemark>
        <name>OK - Henryetta</name>
        <description><![CDATA[Sleepy Deep Fork RV / Horse Hotel<br>www.horsemotel.com/Oklahoma.html#sdf<br>Tel: 918-521-5744]]></description>
        <styleUrl>#icon-960-DB4436</styleUrl>
        <Point>
          <coordinates>
            -95.8818611111111,35.4788055555556,0
          </coordinates>
        </Point>
      </Placemark>
      <Placemark>
        <name>OK - Hugo
</name>
        <description><![CDATA[Rock ANN Roll Ranch & Horse Motel<br>www.horsemotel.com/Oklahoma.html#rar<br>Tel: 715-205-0704]]></description>
        <styleUrl>#icon-960-DB4436</styleUrl>
        <Point>
          <coordinates>
            -95.562715,34.011671,0
          </coordinates>
        </Point>
      </Placemark>
      <Placemark>
        <name>OK - Inola</name>
        <description><![CDATA[New Harmony Ranch & Training Center<br>www.horsemotel.com/Oklahoma.html#nhr<br>Tel: 918-925-2227]]></description>
        <styleUrl>#icon-960-DB4436</styleUrl>
        <Point>
          <coordinates>
            -95.494067,36.113454,0
          </coordinates>
        </Point>
      </Placemark>
      <Placemark>
        <name>OK - Jones
</name>
        <description><![CDATA[Jeff Damphouse Training Center<br>www.horsemotel.com/Oklahoma.html#jdt<br>Tel: 405-898-9293]]></description>
        <styleUrl>#icon-960-DB4436</styleUrl>
        <Point>
          <coordinates>
            -97.355156,35.565585,0
          </coordinates>
        </Point>
      </Placemark>
      <Placemark>
        <name>OK - Luther</name>
        <description><![CDATA[Knight's Rest Ranch<br>www.horsemotel.com/Oklahoma.html#knight<br>Tel: 405-919-4056]]></description>
        <styleUrl>#icon-960-DB4436</styleUrl>
        <Point>
          <coordinates>
            -97.2419,35.68004,0
          </coordinates>
        </Point>
      </Placemark>
      <Placemark>
        <name>OK - McAlester</name>
        <description><![CDATA[Lightning C Arena<br>www.horsemotel.com/Oklahoma.html#lca<br>Tel: 816-260-8174]]></description>
        <styleUrl>#icon-960-DB4436</styleUrl>
        <Point>
          <coordinates>
            -95.6130833333333,34.8899444444444,0
          </coordinates>
        </Point>
      </Placemark>
      <Placemark>
        <name>OK - Norman</name>
        <description><![CDATA[Burr Oak Farms<br>www.horsemotel.com/Oklahoma.html#burr<br>Tel: 816-304-5015]]></description>
        <styleUrl>#icon-960-DB4436</styleUrl>
        <Point>
          <coordinates>
            -97.46291,35.16054,0
          </coordinates>
        </Point>
      </Placemark>
      <Placemark>
        <name>OK - Okemah</name>
        <description><![CDATA[Felker Arena<br>www.horsemotel.com/Oklahoma.html#fka<br>Tel: 580-334-7712]]></description>
        <styleUrl>#icon-960-DB4436</styleUrl>
        <Point>
          <coordinates>
            -96.2995,35.4308055555556,0
          </coordinates>
        </Point>
      </Placemark>
      <Placemark>
        <name>OK - Oklahoma City
</name>
        <description><![CDATA[Robinson’s Equestrian Center<br>www.horsemotel.com/Oklahoma.html#barn<br>Tel: 405-733-2443]]></description>
        <styleUrl>#icon-960-DB4436</styleUrl>
        <Point>
          <coordinates>
            -97.33238,35.41858,0
          </coordinates>
        </Point>
      </Placemark>
      <Placemark>
        <name>OK - Oklahoma City
</name>
        <description><![CDATA[Circle H Stables<br>www.horsemotel.com/Oklahoma.html#chs<br>Tel: 580-819-3588]]></description>
        <styleUrl>#icon-960-DB4436</styleUrl>
        <Point>
          <coordinates>
            -97.67757,35.4065,0
          </coordinates>
        </Point>
      </Placemark>
      <Placemark>
        <name>OK - Perry</name>
        <description><![CDATA[McGuire Land & Cattle<br>www.horsemotel.com/Oklahoma.html#mlc<br>Tel: 580-572-8339]]></description>
        <styleUrl>#icon-960-DB4436</styleUrl>
        <Point>
          <coordinates>
            -97.4254444444445,36.2848333333333,0
          </coordinates>
        </Point>
      </Placemark>
      <Placemark>
        <name>OK - Red Oak</name>
        <description><![CDATA[Cross Country Stables<br>www.horsemotel.com/Oklahoma.html#ccs<br>Tel: 918-721-1718]]></description>
        <styleUrl>#icon-960-DB4436</styleUrl>
        <Point>
          <coordinates>
            -95.1217777777778,34.9979444444444,0
          </coordinates>
        </Point>
      </Placemark>
      <Placemark>
        <name>OK - Roff</name>
        <description><![CDATA[Rockin A Ranch<br>www.horsemotel.com/Oklahoma.html#rar<br>Tel: 405-614-5084]]></description>
        <styleUrl>#icon-960-DB4436</styleUrl>
        <Point>
          <coordinates>
            -96.8561111111111,34.6803611111111,0
          </coordinates>
        </Point>
      </Placemark>
      <Placemark>
        <name>OK - Sand Springs
</name>
        <description><![CDATA[Circle R Horse Lodge<br>www.horsemotel.com/Oklahoma.html#crh<br>Tel: 918-636-2899]]></description>
        <styleUrl>#icon-960-DB4436</styleUrl>
        <Point>
          <coordinates>
            -96.172487,36.133805,0
          </coordinates>
        </Point>
      </Placemark>
      <Placemark>
        <name>OK - Shawnee</name>
        <description><![CDATA[Rolling Stones Stables & RV Park<br>www.horsemotel.com/Oklahoma.html#stone<br>Tel: 405 318 3303]]></description>
        <styleUrl>#icon-960-DB4436</styleUrl>
        <Point>
          <coordinates>
            -96.8484,35.39284,0
          </coordinates>
        </Point>
      </Placemark>
      <Placemark>
        <name>OK - Wayne</name>
        <description><![CDATA[Jett Barrel horses<br>www.horsemotel.com/Oklahoma.html#jbh<br>Tel: 405-246-6189]]></description>
        <styleUrl>#icon-960-DB4436</styleUrl>
        <Point>
          <coordinates>
            -97.37074,34.94705,0
          </coordinates>
        </Point>
      </Placemark>
      <Placemark>
        <name>OR - Ashland</name>
        <description><![CDATA[Little Creek Ranch<br>www.horsemotel.com/Oregon.html#creek<br>Tel: 541-324-8062]]></description>
        <styleUrl>#icon-960-DB4436</styleUrl>
        <Point>
          <coordinates>
            -122.66257,42.16878,0
          </coordinates>
        </Point>
      </Placemark>
      <Placemark>
        <name>OR - Baker City</name>
        <description><![CDATA[Eastern Slope Ranch<br>www.horsemotel.com/Oregon.html#slope<br>Tel: 541-523-9155 or 541-403-0255]]></description>
        <styleUrl>#icon-960-DB4436</styleUrl>
        <Point>
          <coordinates>
            -117.92263,44.79958,0
          </coordinates>
        </Point>
      </Placemark>
      <Placemark>
        <name>OR - Bend</name>
        <description><![CDATA[Christy Hartman at DeCourcey Ranch<br>www.horsemotel.com/Oregon.html#decourcey<br>Tel: 503-866-8255]]></description>
        <styleUrl>#icon-960-DB4436</styleUrl>
        <Point>
          <coordinates>
            -121.12246,44.03021,0
          </coordinates>
        </Point>
      </Placemark>
      <Placemark>
        <name>OR - Bly</name>
        <description><![CDATA[The Barn at Marvin Garden<br>www.horsemotel.com/Oregon.html#bmg<br>Tel: 541-771-8382]]></description>
        <styleUrl>#icon-960-DB4436</styleUrl>
        <Point>
          <coordinates>
            -121.040555555556,42.3982222222222,0
          </coordinates>
        </Point>
      </Placemark>
      <Placemark>
        <name>OR - Central Point
</name>
        <description><![CDATA[Sleepy Horse Hollow, LLC<br>www.horsemotel.com/Oregon.html#shh<br>Tel: 541-821-5637]]></description>
        <styleUrl>#icon-960-DB4436</styleUrl>
        <Point>
          <coordinates>
            -122.958784,42.378306,0
          </coordinates>
        </Point>
      </Placemark>
      <Placemark>
        <name>OR - Coos Bay</name>
        <description><![CDATA[Lazy H Ranch<br>www.horsemotel.com/Oregon.html#lhr<br>Tel: 619-992-5342]]></description>
        <styleUrl>#icon-960-DB4436</styleUrl>
        <Point>
          <coordinates>
            -124.228222222222,43.2740277777778,0
          </coordinates>
        </Point>
      </Placemark>
      <Placemark>
        <name>OR - Creswell</name>
        <description><![CDATA[Strawberry Hill Stables<br>www.horsemotel.com/Oregon.html#shs<br>Tel: 541-895-4370 or 458-201-9687 <br>or or 541-650-9812]]></description>
        <styleUrl>#icon-960-DB4436</styleUrl>
        <Point>
          <coordinates>
            -123.014731,43.91797,0
          </coordinates>
        </Point>
      </Placemark>
      <Placemark>
        <name>OR - Hood River</name>
        <description><![CDATA[Hood River Saddle Club<br>www.horsemotel.com/Oregon.html#hrs<br>Tel: 541-400-0061 or 541-399-6654]]></description>
        <styleUrl>#icon-960-DB4436</styleUrl>
        <Point>
          <coordinates>
            -121.569679,45.693136,0
          </coordinates>
        </Point>
      </Placemark>
      <Placemark>
        <name>OR - Junction City</name>
        <description><![CDATA[Territorial Farm Stay and Stable<br>www.horsemotel.com/Oregon.html#territorial<br>Tel: 541-232-7702]]></description>
        <styleUrl>#icon-960-DB4436</styleUrl>
        <Point>
          <coordinates>
            -123.286278,44.212556,0
          </coordinates>
        </Point>
      </Placemark>
      <Placemark>
        <name>OR - La Grande</name>
        <description><![CDATA[PPR Horse Boarding<br>www.horsemotel.com/Oregon.html#ppr<br>Tel: 541-910-4140]]></description>
        <styleUrl>#icon-960-DB4436</styleUrl>
        <Point>
          <coordinates>
            -118.056277777778,45.3409444444444,0
          </coordinates>
        </Point>
      </Placemark>
      <Placemark>
        <name>OR - Ontario
</name>
        <description><![CDATA[Hat J Performance Horses and Boarding<br>www.horsemotel.com/Oregon.html#hjp<br>Tel: 208-550-1839]]></description>
        <styleUrl>#icon-960-DB4436</styleUrl>
        <Point>
          <coordinates>
            -117.006655,44.070046,0
          </coordinates>
        </Point>
      </Placemark>
      <Placemark>
        <name>OR - Ontario</name>
        <description><![CDATA[Gable Stables<br>www.horsemotel.com/Oregon.html#gbs<br>Tel: 208-602-1213]]></description>
        <styleUrl>#icon-960-DB4436</styleUrl>
        <Point>
          <coordinates>
            -117.033222222222,44.0683055555556,0
          </coordinates>
        </Point>
      </Placemark>
      <Placemark>
        <name>OR - Oregon City</name>
        <description><![CDATA[Historic Kirchem Farm<br>www.horsemotel.com/Oregon.html#kirchem<br>Tel: 503-539-8602]]></description>
        <styleUrl>#icon-960-DB4436</styleUrl>
        <Point>
          <coordinates>
            -122.4598,45.37967,0
          </coordinates>
        </Point>
      </Placemark>
      <Placemark>
        <name>OR - Pendleton</name>
        <description><![CDATA[Neigh-bors<br>www.horsemotel.com/Oregon.html#neigh<br>Tel: 541-310-0951]]></description>
        <styleUrl>#icon-960-DB4436</styleUrl>
        <Point>
          <coordinates>
            -118.806333,45.679611,0
          </coordinates>
        </Point>
      </Placemark>
      <Placemark>
        <name>OR - Pleasant Hill</name>
        <description><![CDATA[Triple Crown Farms<br>www.horsemotel.com/Oregon.html#crown<br>Tel: 503-730-4380 or 541-337-4676]]></description>
        <styleUrl>#icon-960-DB4436</styleUrl>
        <Point>
          <coordinates>
            -122.91769,43.96324,0
          </coordinates>
        </Point>
      </Placemark>
      <Placemark>
        <name>OR - Prineville</name>
        <description><![CDATA[Horseman Haven Ranch Oregon<br>www.horsemotel.com/Oregon.html#hhr<br>Tel: 520-253-0732]]></description>
        <styleUrl>#icon-960-DB4436</styleUrl>
        <Point>
          <coordinates>
            -120.860277777778,44.3054166666667,0
          </coordinates>
        </Point>
      </Placemark>
      <Placemark>
        <name>OR - Riddle
</name>
        <description><![CDATA[SKS Ranch<br>www.horsemotel.com/Oregon.html#sks<br>Tel: 541-430-6562]]></description>
        <styleUrl>#icon-960-DB4436</styleUrl>
        <Point>
          <coordinates>
            -123.338916666667,42.9195277777778,0
          </coordinates>
        </Point>
      </Placemark>
      <Placemark>
        <name>OR - Rogue River</name>
        <description><![CDATA[Stabling Solutions, LLC<br>www.horsemotel.com/Oregon.html#ssl<br>Tel: 541-621-1405]]></description>
        <styleUrl>#icon-960-DB4436</styleUrl>
        <Point>
          <coordinates>
            -123.167416666667,42.5121388888889,0
          </coordinates>
        </Point>
      </Placemark>
      <Placemark>
        <name>OR - Sisters</name>
        <description><![CDATA[R & R Ranch<br>www.horsemotel.com/Oregon.html#rrr<br>Tel: 541-241-4188]]></description>
        <styleUrl>#icon-960-DB4436</styleUrl>
        <Point>
          <coordinates>
            -121.50541,44.27619,0
          </coordinates>
        </Point>
      </Placemark>
      <Placemark>
        <name>OR - Turner
</name>
        <description><![CDATA[M&R Stables<br>www.horsemotel.com/Oregon.html#mrs<br>Tel: 503-409-9577]]></description>
        <styleUrl>#icon-960-DB4436</styleUrl>
        <Point>
          <coordinates>
            -122.975611111111,44.778,0
          </coordinates>
        </Point>
      </Placemark>
      <Placemark>
        <name>OR - Winston</name>
        <description><![CDATA[Broken Arrow Ranch<br>www.horsemotel.com/Oregon.html#bar<br>Tel: 541-219-2163]]></description>
        <styleUrl>#icon-960-DB4436</styleUrl>
        <Point>
          <coordinates>
            -123.46852,43.10688,0
          </coordinates>
        </Point>
      </Placemark>
      <Placemark>
        <name>PA - Abbottstown</name>
        <description><![CDATA[Mane Retreat<br>www.horemotel.com/Pennsylvania.html#mrt<br>Tel: 229-291-9656]]></description>
        <styleUrl>#icon-960-DB4436</styleUrl>
        <Point>
          <coordinates>
            -76.9860833333333,39.9021111111111,0
          </coordinates>
        </Point>
      </Placemark>
      <Placemark>
        <name>PA - Annville</name>
        <description><![CDATA[Blue Rock Stables<br>www.horsemotel.com/Pennsylvania.html#brs<br>Tel: 609-500-9711]]></description>
        <styleUrl>#icon-960-DB4436</styleUrl>
        <Point>
          <coordinates>
            -76.56344,40.33816,0
          </coordinates>
        </Point>
      </Placemark>
      <Placemark>
        <name>PA - Bethel</name>
        <description><![CDATA[A Windy Ridge Farm<br>www.horsemotel.com/Pennsylvania.html#windy<br>Tel: 717-228-8070]]></description>
        <styleUrl>#icon-960-DB4436</styleUrl>
        <Point>
          <coordinates>
            -76.34252,40.49652,0
          </coordinates>
        </Point>
      </Placemark>
      <Placemark>
        <name>PA - Bird in Hand
</name>
        <description><![CDATA[Caliber Stables<br>www.horsemotel.com/Pennsylvania.html#cbs<br>Tel: 717-847-5455]]></description>
        <styleUrl>#icon-960-DB4436</styleUrl>
        <Point>
          <coordinates>
            -76.2,40.0623055555556,0
          </coordinates>
        </Point>
      </Placemark>
      <Placemark>
        <name>PA - DuBois
</name>
        <description><![CDATA[Broken M, LLC<br>www.horsemotel.com/Pennsylvania.html#bml<br>Tel: 814-661-3141]]></description>
        <styleUrl>#icon-960-DB4436</styleUrl>
        <Point>
          <coordinates>
            -78.6818888888889,41.1359722222222,0
          </coordinates>
        </Point>
      </Placemark>
      <Placemark>
        <name>PA - Fairfield</name>
        <description><![CDATA[Horses Keep Me Stable<br>www.horsemotel.com/Pennsylvania.html#hkm<br>Tel: 717-515-3410]]></description>
        <styleUrl>#icon-960-DB4436</styleUrl>
        <Point>
          <coordinates>
            -77.3695555555556,39.7869722222222,0
          </coordinates>
        </Point>
      </Placemark>
      <Placemark>
        <name>PA - Fredericksburg
</name>
        <description><![CDATA[MountainStead Farm<br>www.horsemotel.com/Pennsylvania.html#msf<br>Tel: 717-926-5709]]></description>
        <styleUrl>#icon-960-DB4436</styleUrl>
        <Point>
          <coordinates>
            -76.4059166666667,40.46775,0
          </coordinates>
        </Point>
      </Placemark>
      <Placemark>
        <name>PA - Gibsonia</name>
        <description><![CDATA[Sun and Cricket Bed & Breakfast<br>www.horsemotel.com/Pennsylvania.html#sun<br>Tel: 724-444-6300]]></description>
        <styleUrl>#icon-960-DB4436</styleUrl>
        <Point>
          <coordinates>
            -79.88783,40.65349,0
          </coordinates>
        </Point>
      </Placemark>
      <Placemark>
        <name>PA - Grantville</name>
        <description><![CDATA[Bella View Farm, LLC<br>www.horsemotel.com/Pennsylvania.html#bvf<br>Tel: 717-880-8255]]></description>
        <styleUrl>#icon-960-DB4436</styleUrl>
        <Point>
          <coordinates>
            -76.637686,40.388389,0
          </coordinates>
        </Point>
      </Placemark>
      <Placemark>
        <name>PA - Greensburg</name>
        <description><![CDATA[Westmoreland Fairgrounds <br>www.horsemotel.com/Pennsylvania.html#wf<br>Tel: 724-423-5005, ext. 100]]></description>
        <styleUrl>#icon-960-DB4436</styleUrl>
        <Point>
          <coordinates>
            -79.496139,40.229833,0
          </coordinates>
        </Point>
      </Placemark>
      <Placemark>
        <name>PA - Grove City</name>
        <description><![CDATA[Fair Haven Farms<br>www.horsemotel.com/Pennsylvania.html#fhf<br>Tel: 412-848-3501]]></description>
        <styleUrl>#icon-960-DB4436</styleUrl>
        <Point>
          <coordinates>
            -80.152387,41.173576,0
          </coordinates>
        </Point>
      </Placemark>
      <Placemark>
        <name>PA - Harrisburg
</name>
        <description><![CDATA[Mountain View Paradise<br>www.horsemotel.com/Pennsylvania.html#mvp<br>Tel: 717-368-3420]]></description>
        <styleUrl>#icon-960-DB4436</styleUrl>
        <Point>
          <coordinates>
            -76.7557222222222,40.3914166666667,0
          </coordinates>
        </Point>
      </Placemark>
      <Placemark>
        <name>PA - McConnellsburg</name>
        <description><![CDATA[Shady Spring Farm<br>www.horsemotel.com/Pennsylvania.html#spring<br>Tel: 571-215-3900]]></description>
        <styleUrl>#icon-960-DB4436</styleUrl>
        <Point>
          <coordinates>
            -78.00401,39.87613,0
          </coordinates>
        </Point>
      </Placemark>
      <Placemark>
        <name>PA - Milford
</name>
        <description><![CDATA[County Seat Horse Farm, LLC<br>www.horsemotel.com.Pennsylvania.html#csh<br>Tel: 570-229-1887]]></description>
        <styleUrl>#icon-960-DB4436</styleUrl>
        <Point>
          <coordinates>
            -74.8035277777778,41.3221388888889,0
          </coordinates>
        </Point>
      </Placemark>
      <Placemark>
        <name>PA - New Haven
</name>
        <description><![CDATA[DeCarlo Farm<br>www.horsemotel.com/Pennsylvania.html#dcf<br>Tel: 724-323-6638]]></description>
        <styleUrl>#icon-960-DB4436</styleUrl>
        <Point>
          <coordinates>
            -79.832571,39.930243,0
          </coordinates>
        </Point>
      </Placemark>
      <Placemark>
        <name>PA - Paradise</name>
        <description><![CDATA[Fox Run Equine<br>www.horsemotel.com/Pennsylvania.html#fre<br>Tel: 717-517-6691]]></description>
        <styleUrl>#icon-960-DB4436</styleUrl>
        <Point>
          <coordinates>
            -76.0828055555556,39.984,0
          </coordinates>
        </Point>
      </Placemark>
      <Placemark>
        <name>PA - Smithfield</name>
        <description><![CDATA[Covenant Hill Farms<br>www.horsemotel.com/Pennsylvania.html#chf<br>Tel: 724-487-3862]]></description>
        <styleUrl>#icon-960-DB4436</styleUrl>
        <Point>
          <coordinates>
            -79.87165,39.76709,0
          </coordinates>
        </Point>
      </Placemark>
      <Placemark>
        <name>PA - Waterford</name>
        <description><![CDATA[Shadow Facs Farm<br>www.horsemotel.com/Pennsylvania.html#sff<br>Tel: 814-392-5055]]></description>
        <styleUrl>#icon-960-DB4436</styleUrl>
        <Point>
          <coordinates>
            -79.985653,41.944413,0
          </coordinates>
        </Point>
      </Placemark>
      <Placemark>
        <name>PA - Woodland
</name>
        <description><![CDATA[TMR Ranch<br>www.horsemotel.com/Pennsylvania.html#tmr<br>Tel: 814-577-0160]]></description>
        <styleUrl>#icon-960-DB4436</styleUrl>
        <Point>
          <coordinates>
            -78.350121,41.033205,0
          </coordinates>
        </Point>
      </Placemark>
      <Placemark>
        <name>PA - York
</name>
        <description><![CDATA[Heritage Breed Farm<br>www.horsemotel.com/Pennsylvania.html#hbf<br>Tel: 717-324-8341]]></description>
        <styleUrl>#icon-960-DB4436</styleUrl>
        <Point>
          <coordinates>
            -76.782075,40.053925,0
          </coordinates>
        </Point>
      </Placemark>
      <Placemark>
        <name>SC - Aiken
</name>
        <description><![CDATA[Y Legacy Farms<br>www.horsemotel.com/SouthCarolina.html#ylf<br>Tel: 706-755-3720]]></description>
        <styleUrl>#icon-960-DB4436</styleUrl>
        <Point>
          <coordinates>
            -81.5934722222222,33.5371111111111,0
          </coordinates>
        </Point>
      </Placemark>
      <Placemark>
        <name>SC - Florence</name>
        <description><![CDATA[A Florence Horse Center<br>www.horsemotel.com/SouthCarolina.html#fhc<br>Tel: Office – 843-679-5502/Cell – 843-731-3040]]></description>
        <styleUrl>#icon-960-DB4436</styleUrl>
        <Point>
          <coordinates>
            -79.84847,34.22824,0
          </coordinates>
        </Point>
      </Placemark>
      <Placemark>
        <name>SC - Irmo</name>
        <description><![CDATA[Turtle Cove Farm<br>www.horsemotel.com/SouthCarolina.html#tcf<br>Tel: 803-463-9119]]></description>
        <styleUrl>#icon-960-DB4436</styleUrl>
        <Point>
          <coordinates>
            -81.2313055555556,34.1088055555556,0
          </coordinates>
        </Point>
      </Placemark>
      <Placemark>
        <name>SC - Liberty</name>
        <description><![CDATA[Delta's Bed & Bale<br>www.horsemotel.com/SouthCarolina.html#dbb<br>Tel: 843-364-5015]]></description>
        <styleUrl>#icon-960-DB4436</styleUrl>
        <Point>
          <coordinates>
            -82.75163,34.819218,0
          </coordinates>
        </Point>
      </Placemark>
      <Placemark>
        <name>SC - Piedmont
</name>
        <description><![CDATA[Patient Wait Farms<br>www.horsemotel.com/SouthCarolina.html#pwf<br>Tel: 864-947-8880]]></description>
        <styleUrl>#icon-960-DB4436</styleUrl>
        <Point>
          <coordinates>
            -82.5382222222222,34.6887777777778,0
          </coordinates>
        </Point>
      </Placemark>
      <Placemark>
        <name>SC - Seabrook
</name>
        <description><![CDATA[WC Farm<br>www.horsemotel.com/SouthCarolina.html#wce<br>Tel: 843-476-8145]]></description>
        <styleUrl>#icon-960-DB4436</styleUrl>
        <Point>
          <coordinates>
            -80.7270555555556,32.5590555555556,0
          </coordinates>
        </Point>
      </Placemark>
      <Placemark>
        <name>SC - Seneca
</name>
        <description><![CDATA[Tucker Farm Rest N Ride<br>www.horsemotel.com/SouthCarolina.html#tfr<br>Tel: 864-710-0963]]></description>
        <styleUrl>#icon-960-DB4436</styleUrl>
        <Point>
          <coordinates>
            -82.9653888888889,34.5505,0
          </coordinates>
        </Point>
      </Placemark>
      <Placemark>
        <name>SC - Townville
</name>
        <description><![CDATA[West View Farm<br>www.horsemotel.com/SouthCarolina.html#wvf<br>Tel: 864-444-3646]]></description>
        <styleUrl>#icon-960-DB4436</styleUrl>
        <Point>
          <coordinates>
            -82.910932,34.538706,0
          </coordinates>
        </Point>
      </Placemark>
      <Placemark>
        <name>SC - Ware Shoals
</name>
        <description><![CDATA[Equine Heart Healers Ranch<br>www.horsemotel.com/SouthCarolina.html#ehh<br>Tel: 864-483-8202]]></description>
        <styleUrl>#icon-960-DB4436</styleUrl>
        <Point>
          <coordinates>
            -82.2256388888889,34.4493333333333,0
          </coordinates>
        </Point>
      </Placemark>
      <Placemark>
        <name>SD - Alexandria
</name>
        <description><![CDATA[38 Special Horse Hotel<br>www.horsemotel.com/SouthDakota.html#tes<br>Tel: 605-630-1899]]></description>
        <styleUrl>#icon-960-DB4436</styleUrl>
        <Point>
          <coordinates>
            -97.776871,43.702218,0
          </coordinates>
        </Point>
      </Placemark>
      <Placemark>
        <name>SD - Belle Fourche</name>
        <description><![CDATA[Three Arrows, LLC<br>www.horsemotel.com/SouthDakota.html#tal<br>Tel: 402-650-1940]]></description>
        <styleUrl>#icon-960-DB4436</styleUrl>
        <Point>
          <coordinates>
            -103.859277777778,44.649,0
          </coordinates>
        </Point>
      </Placemark>
      <Placemark>
        <name>SD - Belle Fourche</name>
        <description><![CDATA[Prairie Hills Paddocks<br>www.horsemotel.com/SouthDakota.html#php<br>Tel: 605-569-3929]]></description>
        <styleUrl>#icon-960-DB4436</styleUrl>
        <Point>
          <coordinates>
            -103.872083333333,44.6141111111111,0
          </coordinates>
        </Point>
      </Placemark>
      <Placemark>
        <name>SD - Box Elder</name>
        <description><![CDATA[J & J Arena<br>www.horsemotel.com/SouthDakota.html#jja<br>Tel: 605-381-1202 or 605-390-4935]]></description>
        <styleUrl>#icon-960-DB4436</styleUrl>
        <Point>
          <coordinates>
            -102.999337,44.139996,0
          </coordinates>
        </Point>
      </Placemark>
      <Placemark>
        <name>SD - Box Elder
</name>
        <description><![CDATA[Clicks Horse Boarding<br>www.horsemotel.com/SouthDakota.html#chb<br>Tel: 605-923-7926]]></description>
        <styleUrl>#icon-960-DB4436</styleUrl>
        <Point>
          <coordinates>
            -102.977471,44.139957,0
          </coordinates>
        </Point>
      </Placemark>
      <Placemark>
        <name>SD - Brookings</name>
        <description><![CDATA[Too'Shay Tack Horse Motel<br>www.horsemotel.com/SouthDakota.html#jersey<br>Tel: 605-695-0812]]></description>
        <styleUrl>#icon-960-DB4436</styleUrl>
        <Point>
          <coordinates>
            -96.74778,44.3095,0
          </coordinates>
        </Point>
      </Placemark>
      <Placemark>
        <name>SD - Brookings
</name>
        <description><![CDATA[Hawk Stables<br>www.horsemotel.com/SouthDakota.html#hks<br>Tel: 605-695-5213]]></description>
        <styleUrl>#icon-960-DB4436</styleUrl>
        <Point>
          <coordinates>
            -96.771228,44.327613,0
          </coordinates>
        </Point>
      </Placemark>
      <Placemark>
        <name>SC - Bellehaven
</name>
        <description><![CDATA[Bellehaven Farm<br>www.horsemotel.com/SouthCarolina.html#bhf<br>Tel: 747-266-5333]]></description>
        <styleUrl>#icon-960-DB4436</styleUrl>
        <Point>
          <coordinates>
            -81.47949,33.504095,0
          </coordinates>
        </Point>
      </Placemark>
      <Placemark>
        <name>SD - Custer
</name>
        <description><![CDATA[TC Horse Camp<br>www.horsemotel.com/SouthDakota.html#tch<br>Tel: 605-673-3249]]></description>
        <styleUrl>#icon-960-DB4436</styleUrl>
        <Point>
          <coordinates>
            -103.622733,43.673766,0
          </coordinates>
        </Point>
      </Placemark>
      <Placemark>
        <name>SD - Custer</name>
        <description><![CDATA[Glen Erin Horse Camp<br>www.horsemotel.com/SouthDakota.html#geh<br>Tel: 850-464-7939]]></description>
        <styleUrl>#icon-960-DB4436</styleUrl>
        <Point>
          <coordinates>
            -103.567694444444,43.7089166666667,0
          </coordinates>
        </Point>
      </Placemark>
      <Placemark>
        <name>SD - Florence</name>
        <description><![CDATA[Meadowlark<br>www.horsemotel.com/SouthDakota.html#lark<br>Tel: 605-758-3060]]></description>
        <styleUrl>#icon-960-DB4436</styleUrl>
        <Point>
          <coordinates>
            -97.37411,45.15289,0
          </coordinates>
        </Point>
      </Placemark>
      <Placemark>
        <name>SD - Mitchell</name>
        <description><![CDATA[Hobby Horse Overnight Stables<br>www.horsemotel.com/SouthDakota.html#hobby<br>Tel: 605-995-1581]]></description>
        <styleUrl>#icon-960-DB4436</styleUrl>
        <Point>
          <coordinates>
            -98.03666,43.6873,0
          </coordinates>
        </Point>
      </Placemark>
      <Placemark>
        <name>SD - Pukwana</name>
        <description><![CDATA[Diamond A Cattle Company<br>www.horsemotel.com/SouthDakota.html#dac<br>Tel: 605-730-0455 or 605-730-1073]]></description>
        <styleUrl>#icon-960-DB4436</styleUrl>
        <Point>
          <coordinates>
            -99.08891,43.759243,0
          </coordinates>
        </Point>
      </Placemark>
      <Placemark>
        <name>SD - Rapid City</name>
        <description><![CDATA[Happy Horse Haus, LLC<br>www.horsemotel.com/SouthDakota.html#haus<br>Tel: 605-393-2577 or 605-391-3077]]></description>
        <styleUrl>#icon-960-DB4436</styleUrl>
        <Point>
          <coordinates>
            -103.13071,44.05312,0
          </coordinates>
        </Point>
      </Placemark>
      <Placemark>
        <name>SD - Sturgis</name>
        <description><![CDATA[Buffalo Berry Arena, LLC<br>www.horsemotel.com/SouthDakota.html#bba<br>Tel: 605-423-8109 or 605-490-9560]]></description>
        <styleUrl>#icon-960-DB4436</styleUrl>
        <Point>
          <coordinates>
            -103.584243,44.437582,0
          </coordinates>
        </Point>
      </Placemark>
      <Placemark>
        <name>SD - Wall</name>
        <description><![CDATA[Badlands Edge RV<br>www.horsemotel.com/SouthDakota.html#ber<br>Tel: 605-200-1777]]></description>
        <styleUrl>#icon-960-DB4436</styleUrl>
        <Point>
          <coordinates>
            -102.148611111111,43.9368333333333,0
          </coordinates>
        </Point>
      </Placemark>
      <Placemark>
        <name>TN - Adams</name>
        <description><![CDATA[Harmony Acres<br>www.horsemotel.com/Tennessee.html#haa<br>Tel: 615-752-8506]]></description>
        <styleUrl>#icon-960-DB4436</styleUrl>
        <Point>
          <coordinates>
            -87.11766,36.53395,0
          </coordinates>
        </Point>
      </Placemark>
      <Placemark>
        <name>TN - Arlington</name>
        <description><![CDATA[Shady Creek Ranch<br>www.horsemotel.com/Tennessee.html#shady<br>Tel: 901-828-3619]]></description>
        <styleUrl>#icon-960-DB4436</styleUrl>
        <Point>
          <coordinates>
            -89.789639,35.287278,0
          </coordinates>
        </Point>
      </Placemark>
      <Placemark>
        <name>TN - Athens</name>
        <description><![CDATA[THE RED BARN INN<br>www.horsemotel.com/Tennessee.html#trb<br>Tel: 423-462-5332]]></description>
        <styleUrl>#icon-960-DB4436</styleUrl>
        <Point>
          <coordinates>
            -84.6110277777778,35.4945,0
          </coordinates>
        </Point>
      </Placemark>
      <Placemark>
        <name>TN - Belvidere</name>
        <description><![CDATA[Circle E Guest Ranch and Campground<br>www.horsemotel.com/Tennessee.html#guest<br>Tel: 931-962-1790 or 931-580-5568]]></description>
        <styleUrl>#icon-960-DB4436</styleUrl>
        <Point>
          <coordinates>
            -86.09882,35.09573,0
          </coordinates>
        </Point>
      </Placemark>
      <Placemark>
        <name>TN - Castalian Springs
</name>
        <description><![CDATA[Circle L Campsites and Stables<br>www.horsemotel.com/Tennessee.html#clc<br>Tel: 615-390-8150]]></description>
        <styleUrl>#icon-960-DB4436</styleUrl>
        <Point>
          <coordinates>
            -86.30829,36.391799,0
          </coordinates>
        </Point>
      </Placemark>
      <Placemark>
        <name>TN - Chattanooga
</name>
        <description><![CDATA[Quail Run Farm<br>www.horsemotel.com/Tennessee.html#qrf<br>Tel: 423-933-3123]]></description>
        <styleUrl>#icon-960-DB4436</styleUrl>
        <Point>
          <coordinates>
            -85.396925,34.984633,0
          </coordinates>
        </Point>
      </Placemark>
      <Placemark>
        <name>TN - Crossville
</name>
        <description><![CDATA[TN - Crossville<br>H & J Mountain View Ranch<br>www.horsemotel.com.Tennessee.html#hjm<br>Tel: 309-826-3565]]></description>
        <styleUrl>#icon-960-DB4436</styleUrl>
        <Point>
          <coordinates>
            -84.88291,35.95891,0
          </coordinates>
        </Point>
      </Placemark>
      <Placemark>
        <name>TN - Culleoka
</name>
        <description><![CDATA[BK Sports Arena<br>www.horsemotel.com/Tennessee.html#bks<br>Tel: 615-969-0723 or 615-308-0742]]></description>
        <styleUrl>#icon-960-DB4436</styleUrl>
        <Point>
          <coordinates>
            -86.938633,35.453966,0
          </coordinates>
        </Point>
      </Placemark>
      <Placemark>
        <name>TN - Estill Springs
</name>
        <description><![CDATA[High Heifer Draft Farm<br>www.horsemotel.com/Tennessee.html#hhd<br>Tel: 931-619-0773]]></description>
        <styleUrl>#icon-960-DB4436</styleUrl>
        <Point>
          <coordinates>
            -86.0481388888889,35.3222777777778,0
          </coordinates>
        </Point>
      </Placemark>
      <Placemark>
        <name>TN - Fairview</name>
        <description><![CDATA[Bierly Stables<br>www.horsemotel.com/Tennessee.html#bierly<br> Tel: 615-491-3302]]></description>
        <styleUrl>#icon-960-DB4436</styleUrl>
        <Point>
          <coordinates>
            -87.143889,36.032361,0
          </coordinates>
        </Point>
      </Placemark>
      <Placemark>
        <name>TN - Franklin </name>
        <description><![CDATA[River Runs Thru It<br>www.horsemotel.com/Tennessee.html#rrti<br>Tel: 615-390-5074]]></description>
        <styleUrl>#icon-960-DB4436</styleUrl>
        <Point>
          <coordinates>
            -86.966123,35.857196,0
          </coordinates>
        </Point>
      </Placemark>
      <Placemark>
        <name>TN - Greenback</name>
        <description><![CDATA[Iron Hide Ranch<br>www.horsemotel.com/Tennessee.html#ihr<br>Tel: 865-454-4985]]></description>
        <styleUrl>#icon-960-DB4436</styleUrl>
        <Point>
          <coordinates>
            -84.2301944444445,35.6836388888889,0
          </coordinates>
        </Point>
      </Placemark>
      <Placemark>
        <name>TN - Hermitage</name>
        <description><![CDATA[Bronson Abbay Acres<br>www.horsemotel.com/Tennessee.html#baa<br>Tel: 615-426-7833]]></description>
        <styleUrl>#icon-960-DB4436</styleUrl>
        <Point>
          <coordinates>
            -86.57275,36.15772,0
          </coordinates>
        </Point>
      </Placemark>
      <Placemark>
        <name>TN - Jackson</name>
        <description><![CDATA[Journeys End Stables<br>www.horsemotel.com/Tennessee.html#journey<br>Tel: 731-414-2784 or 731-697-9678]]></description>
        <styleUrl>#icon-960-DB4436</styleUrl>
        <Point>
          <coordinates>
            -88.6695,35.761333,0
          </coordinates>
        </Point>
      </Placemark>
      <Placemark>
        <name>TN - Jackson</name>
        <description><![CDATA[Southern Star Farm<br>www.horsemotel.com/Tennessee.html#star<br>Tel: 731-422-4512 or 731-616-0877]]></description>
        <styleUrl>#icon-960-DB4436</styleUrl>
        <Point>
          <coordinates>
            -88.631583,35.732139,0
          </coordinates>
        </Point>
      </Placemark>
      <Placemark>
        <name>TN - Lebanon</name>
        <description><![CDATA[Serenity Manor Stables<br>www.horsemotel.com/Tennessee.html#sms]]></description>
        <styleUrl>#icon-960-DB4436</styleUrl>
        <Point>
          <coordinates>
            -86.29625,36.1815,0
          </coordinates>
        </Point>
      </Placemark>
      <Placemark>
        <name>TN - Lewisburg
</name>
        <description><![CDATA[Rising Glory Farm<br>www.horsemotel.com/Tennessee.html#glory<br>Tel: 615-957-7170]]></description>
        <styleUrl>#icon-960-DB4436</styleUrl>
        <Point>
          <coordinates>
            -86.825056,35.538611,0
          </coordinates>
        </Point>
      </Placemark>
      <Placemark>
        <name>TN - Manchester
</name>
        <description><![CDATA[Twisted South Stables<br>www.horsemotel.com/Tennessee.html#tss<br>Tel: 501-762-4262]]></description>
        <styleUrl>#icon-960-DB4436</styleUrl>
        <Point>
          <coordinates>
            -86.1291666666667,35.5151388888889,0
          </coordinates>
        </Point>
      </Placemark>
      <Placemark>
        <name>TN - Mosheim
</name>
        <description><![CDATA[McMillan Farms<br>www.horsemotel.com/Tennessee.html#mmf<br>Tel: 423-823-2867]]></description>
        <styleUrl>#icon-960-DB4436</styleUrl>
        <Point>
          <coordinates>
            -82.9764722222222,36.1695833333333,0
          </coordinates>
        </Point>
      </Placemark>
      <Placemark>
        <name>TN - Murfreesboro
</name>
        <description><![CDATA[KINGS RANCH TN<br>www.horsemotel.com/Tennessee.html#rbe<br>Tel: 615-962-2447]]></description>
        <styleUrl>#icon-960-DB4436</styleUrl>
        <Point>
          <coordinates>
            -86.288628,35.751236,0
          </coordinates>
        </Point>
      </Placemark>
      <Placemark>
        <name>TN - Parrotsville</name>
        <description><![CDATA[Gibson Girls Horse Hotel, LLC<br>www.horsemotel.com/Tennessee.html#ggh<br>Tel: 719-588-3203]]></description>
        <styleUrl>#icon-960-DB4436</styleUrl>
        <Point>
          <coordinates>
            -82.9691111111111,36.0014166666667,0
          </coordinates>
        </Point>
      </Placemark>
      <Placemark>
        <name>TN - Riceville
</name>
        <description><![CDATA[Twin Oaks Farm<br>www.horsemotel.com/Tennessee.html#twin<br>Tel: 423-506-3890]]></description>
        <styleUrl>#icon-960-DB4436</styleUrl>
        <Point>
          <coordinates>
            -84.690927,35.361041,0
          </coordinates>
        </Point>
      </Placemark>
      <Placemark>
        <name>TN - Rossville
</name>
        <description><![CDATA[Pegasus Andalusians<br>www.horsemotel.com/Tennessee.html#pal<br>Tel: 954-798-3205]]></description>
        <styleUrl>#icon-960-DB4436</styleUrl>
        <Point>
          <coordinates>
            -89.5561388888889,35.1724722222222,0
          </coordinates>
        </Point>
      </Placemark>
      <Placemark>
        <name>TN - Sweetwater</name>
        <description><![CDATA[Thompson Training Center<br>www.horsemotel.com/Tennessee.html#thompson<br>Tel: 423-253-4993 or 423-253-4994]]></description>
        <styleUrl>#icon-960-DB4436</styleUrl>
        <Point>
          <coordinates>
            -84.456575,35.562395,0
          </coordinates>
        </Point>
      </Placemark>
      <Placemark>
        <name>TN - Watertown</name>
        <description><![CDATA[Ted Barnes Cutting Horses<br>www.horsemotel.com/Tennessee.html#tbc<br>Tel: 615-477-6655]]></description>
        <styleUrl>#icon-960-DB4436</styleUrl>
        <Point>
          <coordinates>
            -86.125333,36.132306,0
          </coordinates>
        </Point>
      </Placemark>
      <Placemark>
        <name>TN - Waverly
</name>
        <description><![CDATA[Phoenix Farm<br>www.horsemotel.com/Tennessee.html#phf<br>Tel: tel:323-854-5036]]></description>
        <styleUrl>#icon-960-DB4436</styleUrl>
        <Point>
          <coordinates>
            -87.7620277777778,35.9887222222222,0
          </coordinates>
        </Point>
      </Placemark>
      <Placemark>
        <name>TX - Abilene</name>
        <description><![CDATA[Lone Star Stables<br>www.horsemotel.com/Texas.html#lss<br>Tel: 325-260-4778 or 325-669-7228]]></description>
        <styleUrl>#icon-960-DB4436</styleUrl>
        <Point>
          <coordinates>
            -99.789016,32.335638,0
          </coordinates>
        </Point>
      </Placemark>
      <Placemark>
        <name>TX - Abilene
</name>
        <description><![CDATA[Knight Arabians<br>www.horsemotel.com/Texas.html#kta<br>Tel: 210-313-4520]]></description>
        <styleUrl>#icon-960-DB4436</styleUrl>
        <Point>
          <coordinates>
            -99.571456,32.272144,0
          </coordinates>
        </Point>
      </Placemark>
      <Placemark>
        <name>TX - Amarillo</name>
        <description><![CDATA[Happy Tracks Horse Motel<br>www.horsemotel.com/Texas.html#tracks<br>Tel: 806-352-9508]]></description>
        <styleUrl>#icon-960-DB4436</styleUrl>
        <Point>
          <coordinates>
            -102.01027,35.19091,0
          </coordinates>
        </Point>
      </Placemark>
      <Placemark>
        <name>TX - Amarillo
</name>
        <description><![CDATA[Amarillo Lone Star Bed & Bale<br>www.horsemotel.com/Texas.html#star<br>Tel: 806-674-8047]]></description>
        <styleUrl>#icon-960-DB4436</styleUrl>
        <Point>
          <coordinates>
            -101.54257,35.16725,0
          </coordinates>
        </Point>
      </Placemark>
      <Placemark>
        <name>TX - Amarillo</name>
        <description><![CDATA[Girl Scout Road Horse Hotel, LLC <br>at Windy Hill Farm<br>www.horsemotel.com/Texas.html#whf<br>Tel: 575-799-5943]]></description>
        <styleUrl>#icon-960-DB4436</styleUrl>
        <Point>
          <coordinates>
            -101.96523,35.195549,0
          </coordinates>
        </Point>
      </Placemark>
      <Placemark>
        <name>TX - Amarillo
</name>
        <description><![CDATA[2T Arena<br>www.horsemotel.com/Texas.html#ttr<br>Tel: 806-477-9955]]></description>
        <styleUrl>#icon-960-DB4436</styleUrl>
        <Point>
          <coordinates>
            -101.9765,35.0545277777778,0
          </coordinates>
        </Point>
      </Placemark>
      <Placemark>
        <name>TX - Aubrey
</name>
        <description><![CDATA[Whitehedge Farm, LLC<br>www.horsemotel.com/Texas.html#wfl<br>Tel: 940-594-9275]]></description>
        <styleUrl>#icon-960-DB4436</styleUrl>
        <Point>
          <coordinates>
            -96.968579,33.29949,0
          </coordinates>
        </Point>
      </Placemark>
      <Placemark>
        <name>TX - Austin/Bastrop</name>
        <description><![CDATA[Happy Horse Hotel<br>www.horsemotel.com/Texas.html#happy<br>Tel: 512-303-0589]]></description>
        <styleUrl>#icon-960-DB4436</styleUrl>
        <Point>
          <coordinates>
            -97.438611,30.184167,0
          </coordinates>
        </Point>
      </Placemark>
      <Placemark>
        <name>TX - Bandera
</name>
        <description><![CDATA[R&R Horse Hacienda, LLC<br>www.horsemotel.com/Texas.html#rrh<br>Tel: 903-267-9200 or 830-328-1364]]></description>
        <styleUrl>#icon-960-DB4436</styleUrl>
        <Point>
          <coordinates>
            -99.080738,29.810954,0
          </coordinates>
        </Point>
      </Placemark>
      <Placemark>
        <name>TX - Big Spring</name>
        <description><![CDATA[Varsch Land and Cattle<br>www.horsemotel.com/Texas.html#vlc<br>Tel: 432-312-3489]]></description>
        <styleUrl>#icon-960-DB4436</styleUrl>
        <Point>
          <coordinates>
            -101.55525,32.2034166666667,0
          </coordinates>
        </Point>
      </Placemark>
      <Placemark>
        <name>TX - Big Spring</name>
        <description><![CDATA[Rockin L Horse Motel<br>www.horsemotel.com/Texas.html#rlh<br>Tel: tel: 432-288-5503]]></description>
        <styleUrl>#icon-960-DB4436</styleUrl>
        <Point>
          <coordinates>
            -101.485916666667,32.19025,0
          </coordinates>
        </Point>
      </Placemark>
      <Placemark>
        <name>TX - Big Spring</name>
        <description><![CDATA[Davis Road Stables<br>www.horsemotel.com/Texas.html#tpf<br>Tel: tel:432-638-7122]]></description>
        <styleUrl>#icon-960-DB4436</styleUrl>
        <Point>
          <coordinates>
            -101.470611111111,32.3008611111111,0
          </coordinates>
        </Point>
      </Placemark>
      <Placemark>
        <name>TX - Blanco</name>
        <description><![CDATA[Road Rash Ranch on Rust Ranch Road<br>www.horsemotel.com/Texas.html#rrr<br>Tel: 512-589-6792]]></description>
        <styleUrl>#icon-960-DB4436</styleUrl>
        <Point>
          <coordinates>
            -98.4217777777778,30.0977777777778,0
          </coordinates>
        </Point>
      </Placemark>
      <Placemark>
        <name>TX - Brookshire
</name>
        <description><![CDATA[Snowdonia Sport Horse Complex<br>www.horsemotel.com/Texas.html#sds<br>Tel: 281-460-9107]]></description>
        <styleUrl>#icon-960-DB4436</styleUrl>
        <Point>
          <coordinates>
            -96.014589,29.864476,0
          </coordinates>
        </Point>
      </Placemark>
      <Placemark>
        <name>TX - Bryan
</name>
        <description><![CDATA[Texas Cozy Rentals<br>www.horsemotel.com/Texas.html#tcr<br>Tel: 308-289-6791]]></description>
        <styleUrl>#icon-960-DB4436</styleUrl>
        <Point>
          <coordinates>
            -96.3622222222222,30.8288055555556,0
          </coordinates>
        </Point>
      </Placemark>
      <Placemark>
        <name>TX - Burleson
</name>
        <description><![CDATA[Keen Farms<br>www.horsemotel.com/Texas.html#kfs<br>Tel: 817-689-1214]]></description>
        <styleUrl>#icon-960-DB4436</styleUrl>
        <Point>
          <coordinates>
            -97.3170555555556,32.45875,0
          </coordinates>
        </Point>
      </Placemark>
      <Placemark>
        <name>TX - Canyon
</name>
        <description><![CDATA[Darren Miller Stables<br>www.horsemotel.com/Texas.html#dms<br>Tel: 970-520-2271]]></description>
        <styleUrl>#icon-960-DB4436</styleUrl>
        <Point>
          <coordinates>
            -101.829527777778,34.9216388888889,0
          </coordinates>
        </Point>
      </Placemark>
      <Placemark>
        <name>TX - Cleveland
</name>
        <description><![CDATA[Peach Creek Sporthorses, Inc,<br>www.horsemotel.com/Texas.html#pcs<br>Tel: 832-405-6840]]></description>
        <styleUrl>#icon-960-DB4436</styleUrl>
        <Point>
          <coordinates>
            -95.2159166666667,30.3496666666667,0
          </coordinates>
        </Point>
      </Placemark>
      <Placemark>
        <name>TX - Collinsville</name>
        <description><![CDATA[La Chula Hacienda<br>www.horsemotel.com/Texas.html#lch<br>Tel: 541-420-7774]]></description>
        <styleUrl>#icon-960-DB4436</styleUrl>
        <Point>
          <coordinates>
            -96.88682,33.53329,0
          </coordinates>
        </Point>
      </Placemark>
      <Placemark>
        <name>TX - Corpus Christi
</name>
        <description><![CDATA[HJK Stables<br>www.horsemotel.com/Texas.html#hjk<br>Tel: 760-646-2019]]></description>
        <styleUrl>#icon-960-DB4436</styleUrl>
        <Point>
          <coordinates>
            -97.5057,27.738121,0
          </coordinates>
        </Point>
      </Placemark>
      <Placemark>
        <name>TX - Dayton</name>
        <description><![CDATA[Blackjack Lane Equestrian<br>www.horsemotel.com/Texas.html#bjl<br>Tel: 281-515-8282]]></description>
        <styleUrl>#icon-960-DB4436</styleUrl>
        <Point>
          <coordinates>
            -94.894119,29.882651,0
          </coordinates>
        </Point>
      </Placemark>
      <Placemark>
        <name>TX - Decatur</name>
        <description><![CDATA[Wild West Remuda<br>www.horsemotel.com/Texas.html#wwr<br>Tel: 940-389-4449]]></description>
        <styleUrl>#icon-960-DB4436</styleUrl>
        <Point>
          <coordinates>
            -97.59358,33.25763,0
          </coordinates>
        </Point>
      </Placemark>
      <Placemark>
        <name>TX - Decatur
</name>
        <description><![CDATA[Brazile Quarter Horses<br>www.horsemotel.com/Texas.html#bqh<br>Tel:817-925-2574]]></description>
        <styleUrl>#icon-960-DB4436</styleUrl>
        <Point>
          <coordinates>
            -97.6123611111111,33.2564722222222,0
          </coordinates>
        </Point>
      </Placemark>
      <Placemark>
        <name>TX - De Kalb</name>
        <description><![CDATA[Rancho Del Sol Arena<br>www.horsemotel.com/Texas.html#rds<br>Tel: 605-890-2188]]></description>
        <styleUrl>#icon-960-DB4436</styleUrl>
        <Point>
          <coordinates>
            -94.6085,33.51612,0
          </coordinates>
        </Point>
      </Placemark>
      <Placemark>
        <name>TX - Diana
</name>
        <description><![CDATA[Rockin H Ranch<br>www.horsemotel.com/Texas.html#rhr<br>Tel: 813-618-4836]]></description>
        <styleUrl>#icon-960-DB4436</styleUrl>
        <Point>
          <coordinates>
            -94.753362,32.680102,0
          </coordinates>
        </Point>
      </Placemark>
      <Placemark>
        <name>TX - Dike</name>
        <description><![CDATA[4x4 Performance Horses<br>www.horsemotel.com/Texas.html#fbf<br>Tel: 903-440-0118]]></description>
        <styleUrl>#icon-960-DB4436</styleUrl>
        <Point>
          <coordinates>
            -95.475936,33.257712,0
          </coordinates>
        </Point>
      </Placemark>
      <Placemark>
        <name>TX - Dripping Springs</name>
        <description><![CDATA[Cedar Grove Stables<br>www.horsemotel.com/Texas.html#cgs<br>Tel: 512-825-9076 or 512-971-3905]]></description>
        <styleUrl>#icon-960-DB4436</styleUrl>
        <Point>
          <coordinates>
            -98.13388,30.15813,0
          </coordinates>
        </Point>
      </Placemark>
      <Placemark>
        <name>TX - Eastland
</name>
        <description><![CDATA[Star Burst Ranch<br>www.horsemotel.com/Texas.html#sbr<br>Tel: 503-351-2085]]></description>
        <styleUrl>#icon-960-DB4436</styleUrl>
        <Point>
          <coordinates>
            -98.817667,32.448889,0
          </coordinates>
        </Point>
      </Placemark>
      <Placemark>
        <name>TX - El Paso</name>
        <description><![CDATA[FAR WEST HORSE MOTEL<br>www.horsemotel.com/Texas.html#gws<br>Tel: 915-494-9000]]></description>
        <styleUrl>#icon-960-DB4436</styleUrl>
        <Point>
          <coordinates>
            -106.624555555556,31.92525,0
          </coordinates>
        </Point>
      </Placemark>
      <Placemark>
        <name>TX - Emory</name>
        <description><![CDATA[Triple C Ranch<br>www.horsemotel.com/Texas.html#tcrtx<br>Tel: 661-858-3903]]></description>
        <styleUrl>#icon-960-DB4436</styleUrl>
        <Point>
          <coordinates>
            -95.7453888888889,32.9116666666667,0
          </coordinates>
        </Point>
      </Placemark>
      <Placemark>
        <name>TX - Fort Stockton
</name>
        <description><![CDATA[Rockin Horse RV & Stables<br>www.horsemotel.com/Texas.html#rnh<br>Tel: 432-940-8940]]></description>
        <styleUrl>#icon-960-DB4436</styleUrl>
        <Point>
          <coordinates>
            -102.8655,30.926083,0
          </coordinates>
        </Point>
      </Placemark>
      <Placemark>
        <name>TX - Fort Worth</name>
        <description><![CDATA[4Hearts Ranch<br>http://www.horsemotel.com/Texas.html#fhr<br>Tel: 970-580-0012]]></description>
        <styleUrl>#icon-960-DB4436</styleUrl>
        <Point>
          <coordinates>
            -97.5689722222222,32.5998055555556,0
          </coordinates>
        </Point>
      </Placemark>
      <Placemark>
        <name>TX - Fredericksburg</name>
        <description><![CDATA[Media Luna Ranch<br>www.horsemotel.com/Texas.html#mlr<br>Tel: 830-313-3535]]></description>
        <styleUrl>#icon-960-DB4436</styleUrl>
        <Point>
          <coordinates>
            -98.75462,30.224609,0
          </coordinates>
        </Point>
      </Placemark>
      <Placemark>
        <name>TX - Gardendale</name>
        <description><![CDATA[Dean Properties<br>http://www.horsemotel.com/Texas.html#dpt<br>Tel: 432-352-8077]]></description>
        <styleUrl>#icon-960-DB4436</styleUrl>
        <Point>
          <coordinates>
            -102.290861111111,32.0473611111111,0
          </coordinates>
        </Point>
      </Placemark>
      <Placemark>
        <name>TX - Hallsville
</name>
        <description><![CDATA[Bobcat Crossing RV Community/Horse Motel<br>www.horsemotel.com/Texas.html#bcr<br>Tel: 903-668-3572]]></description>
        <styleUrl>#icon-960-DB4436</styleUrl>
        <Point>
          <coordinates>
            -94.5798611111111,32.4765833333333,0
          </coordinates>
        </Point>
      </Placemark>
      <Placemark>
        <name>TX - Happy</name>
        <description><![CDATA[CK25 Horse Motel<br>www.horsemotel.com/Texas.html#ckt<br>Tel: 817-694-6553]]></description>
        <styleUrl>#icon-960-DB4436</styleUrl>
        <Point>
          <coordinates>
            -101.858805555556,34.8222777777778,0
          </coordinates>
        </Point>
      </Placemark>
      <Placemark>
        <name>TX - Holland</name>
        <description><![CDATA[Hall Ranch<br>www.horsemotel.com/Texas.html#hlr<br>Tel: 254-931-0410]]></description>
        <styleUrl>#icon-960-DB4436</styleUrl>
        <Point>
          <coordinates>
            -97.3524444444444,30.8693333333333,0
          </coordinates>
        </Point>
      </Placemark>
      <Placemark>
        <name>TX - Johnson City
</name>
        <description><![CDATA[Moore Ranch and Barrel Horses<br>www.horsemotel.com/Texas.html#mrb<br>Tel: 512-695-1799]]></description>
        <styleUrl>#icon-960-DB4436</styleUrl>
        <Point>
          <coordinates>
            -98.4033888888889,30.2769722222222,0
          </coordinates>
        </Point>
      </Placemark>
      <Placemark>
        <name>TX - Junction</name>
        <description><![CDATA[Katiesplace<br>www.horsemotel.com/Texas.html#katie<br>Tel: 210-912-5695]]></description>
        <styleUrl>#icon-960-DB4436</styleUrl>
        <Point>
          <coordinates>
            -99.665694,30.410472,0
          </coordinates>
        </Point>
      </Placemark>
      <Placemark>
        <name>TX - Kaufman</name>
        <description><![CDATA[Golden Curls Ranch<br>www.horsemotel.com/Texas.html#curls<br>Tel: 214-794-1776]]></description>
        <styleUrl>#icon-960-DB4436</styleUrl>
        <Point>
          <coordinates>
            -96.386472,32.544528,0
          </coordinates>
        </Point>
      </Placemark>
      <Placemark>
        <name>TX - Lindale</name>
        <description><![CDATA[Casa Cassel II Arabians<br>www.horsemotel.com/Texas.html#cassel<br>Tel: 903-780-1570]]></description>
        <styleUrl>#icon-960-DB4436</styleUrl>
        <Point>
          <coordinates>
            -95.351444,32.504639,0
          </coordinates>
        </Point>
      </Placemark>
      <Placemark>
        <name>TX - Linden
</name>
        <description><![CDATA[The Roaming Roan<br>www.horsemotel.com/Texas.html#trr<br>Tel: 903-634-7626]]></description>
        <styleUrl>#icon-960-DB4436</styleUrl>
        <Point>
          <coordinates>
            -94.377111,33.054583,0
          </coordinates>
        </Point>
      </Placemark>
      <Placemark>
        <name>TX - Lorena
</name>
        <description><![CDATA[Mustang 2nd Chance Foundation<br>www.horsemotel.com/Texas.html#msc<br>Tel: 714-512-7768]]></description>
        <styleUrl>#icon-960-DB4436</styleUrl>
        <Point>
          <coordinates>
            -97.12087,31.36397,0
          </coordinates>
        </Point>
      </Placemark>
      <Placemark>
        <name>TX - Midlothian
</name>
        <description><![CDATA[JoMar Farms<br>www.horsemotel.com/Texas.html#jmf<br>Tel: 817-312-1303]]></description>
        <styleUrl>#icon-960-DB4436</styleUrl>
        <Point>
          <coordinates>
            -96.912944,32.498333,0
          </coordinates>
        </Point>
      </Placemark>
      <Placemark>
        <name>TX - Millsap
</name>
        <description><![CDATA[Double T Ranch<br>www.horsemotel.com/Texas.html#dtr<br>Tel: 325-207-2815]]></description>
        <styleUrl>#icon-960-DB4436</styleUrl>
        <Point>
          <coordinates>
            -98.010257,32.698695,0
          </coordinates>
        </Point>
      </Placemark>
      <Placemark>
        <name>TX - Millsap
</name>
        <description><![CDATA[Quiet Country RV Park<br>www.horsemotel.com/Texas.html#qcr<br>Tel: 817-304-7277]]></description>
        <styleUrl>#icon-960-DB4436</styleUrl>
        <Point>
          <coordinates>
            -97.9934444444444,32.7955833333333,0
          </coordinates>
        </Point>
      </Placemark>
      <Placemark>
        <name>TX - Nocona
</name>
        <description><![CDATA[Off 82 Horse Hotel<br>www.horsemotel.com/Texas.html#oet<br>Tel: 972-571-6104]]></description>
        <styleUrl>#icon-960-DB4436</styleUrl>
        <Point>
          <coordinates>
            -97.8335555555555,33.7783611111111,0
          </coordinates>
        </Point>
      </Placemark>
      <Placemark>
        <name>TX - Perrin
</name>
        <description><![CDATA[Justin Parish Team Roping<br>www.horsemotel.com/Texas.html#jpt<br>Tel: 817-846-6186]]></description>
        <styleUrl>#icon-960-DB4436</styleUrl>
        <Point>
          <coordinates>
            -98.068447,32.992635,0
          </coordinates>
        </Point>
      </Placemark>
      <Placemark>
        <name>TX - Pilot Point</name>
        <description><![CDATA[CH Performance Horses<br>www.horsemotel.com/Texas.html#chp<br>Tel: 209-914-4716]]></description>
        <styleUrl>#icon-960-DB4436</styleUrl>
        <Point>
          <coordinates>
            -96.93608,33.31466,0
          </coordinates>
        </Point>
      </Placemark>
      <Placemark>
        <name>TX - Pilot Point</name>
        <description><![CDATA[Stramel Ranch<br>www.horsemotel.com/Texas.html#slr<br>Tel: 940-453-3639]]></description>
        <styleUrl>#icon-960-DB4436</styleUrl>
        <Point>
          <coordinates>
            -96.9607777777778,33.3965,0
          </coordinates>
        </Point>
      </Placemark>
      <Placemark>
        <name>TX - Pittsburg</name>
        <description><![CDATA[Double RR Ranch<br>www.horsemotel.com/Texas.html#drr<br>Tel: 903-856-8561]]></description>
        <styleUrl>#icon-960-DB4436</styleUrl>
        <Point>
          <coordinates>
            -94.9485555555556,32.9423055555555,0
          </coordinates>
        </Point>
      </Placemark>
      <Placemark>
        <name>TX - Plains
</name>
        <description><![CDATA[Rock'n N B&B<br>www.horsemotel.com/Texas.html#rnb<br>Tel: 806-456-7885 or 806-782-5873]]></description>
        <styleUrl>#icon-960-DB4436</styleUrl>
        <Point>
          <coordinates>
            -102.818799,33.215184,0
          </coordinates>
        </Point>
      </Placemark>
      <Placemark>
        <name>TX - Port Bolivar</name>
        <description><![CDATA[13 Points Farm Points Farm - Horse Motel<br>www.horsemotel.com/Texas.html#tpfpb<br>Tel: 434-222-1256]]></description>
        <styleUrl>#icon-960-DB4436</styleUrl>
        <Point>
          <coordinates>
            -94.7574444444444,29.3883055555556,0
          </coordinates>
        </Point>
      </Placemark>
      <Placemark>
        <name>TX - Quanah</name>
        <description><![CDATA[Not Just Horses<br>www.horsemotel.com/Texas.html#njh<br>Tel: 940-839-9000]]></description>
        <styleUrl>#icon-960-DB4436</styleUrl>
        <Point>
          <coordinates>
            -99.73725,34.288667,0
          </coordinates>
        </Point>
      </Placemark>
      <Placemark>
        <name>TX - Quanah
</name>
        <description><![CDATA[Hoof Haven, LLC<br>www.horsemotel.com/Texas.html#hhl<br>Tel: 940-839-7858]]></description>
        <styleUrl>#icon-960-DB4436</styleUrl>
        <Point>
          <coordinates>
            -99.7028055555556,34.2844166666667,0
          </coordinates>
        </Point>
      </Placemark>
      <Placemark>
        <name>TX - Rio Medina
</name>
        <description><![CDATA[Haby Settlement RV Park<br>https://www.horsemotel.com/Texas.html#hsr<br>Tel: 210-508-8266]]></description>
        <styleUrl>#icon-960-DB4436</styleUrl>
        <Point>
          <coordinates>
            -98.908639,29.418306,0
          </coordinates>
        </Point>
      </Placemark>
      <Placemark>
        <name>TX - Roanoke</name>
        <description><![CDATA[Windy Mane Ranch<br>www.horsemotel.com/Texas.html#wmr<br>Tel: 817-929-7485]]></description>
        <styleUrl>#icon-960-DB4436</styleUrl>
        <Point>
          <coordinates>
            -97.265513,32.987902,0
          </coordinates>
        </Point>
      </Placemark>
      <Placemark>
        <name>TX - Rockport</name>
        <description><![CDATA[Circle Four T<br>www.horsemotel.com/Texas.html#cft<br>Tel: 910-265-5780]]></description>
        <styleUrl>#icon-960-DB4436</styleUrl>
        <Point>
          <coordinates>
            -97.08203,28.028996,0
          </coordinates>
        </Point>
      </Placemark>
      <Placemark>
        <name>TX - San Angelo</name>
        <description><![CDATA[Last Chance Ranch and Horse Hotel<br>www.horsemotel.com/Texas.html#lcr<br>Tel: 210-232-2890]]></description>
        <styleUrl>#icon-960-DB4436</styleUrl>
        <Point>
          <coordinates>
            -100.614472222222,31.6031944444444,0
          </coordinates>
        </Point>
      </Placemark>
      <Placemark>
        <name>TX - San Antonio</name>
        <description><![CDATA[San Antonio Rose Palace<br>www.horsemotel.com/Texas.html#sar<br>Tel: 210-698-3300]]></description>
        <styleUrl>#icon-960-DB4436</styleUrl>
        <Point>
          <coordinates>
            -98.6754722222222,29.68325,0
          </coordinates>
        </Point>
      </Placemark>
      <Placemark>
        <name>TX - Sanger</name>
        <description><![CDATA[Jim a Dee Ranch<br>www.horsemotel.com/Texas.html#jimadee<br>Tel: 502-370-7200 or 717-269-1193]]></description>
        <styleUrl>#icon-960-DB4436</styleUrl>
        <Point>
          <coordinates>
            -97.285944,33.383056,0
          </coordinates>
        </Point>
      </Placemark>
      <Placemark>
        <name>TX - Seguin</name>
        <description><![CDATA[M&M Cow Company<br>www.horsemotel.com/Texas.html#mmc<br>Tel: 830-470-4779]]></description>
        <styleUrl>#icon-960-DB4436</styleUrl>
        <Point>
          <coordinates>
            -98.0568888888889,29.5504722222222,0
          </coordinates>
        </Point>
      </Placemark>
      <Placemark>
        <name>TX - Shamrock
</name>
        <description><![CDATA[Lone Mound Ranch<br>www.horsemotel.com/Texas.html#lmr<br>Tel: 307-331-4327]]></description>
        <styleUrl>#icon-960-DB4436</styleUrl>
        <Point>
          <coordinates>
            -100.343838,35.142615,0
          </coordinates>
        </Point>
      </Placemark>
      <Placemark>
        <name>TX - Sherman
</name>
        <description><![CDATA[Breezy Acres Horse Farm<br>www.horsemotel.com/Texas.html#bah<br>Tel: 512-771-2506]]></description>
        <styleUrl>#icon-960-DB4436</styleUrl>
        <Point>
          <coordinates>
            -96.501181,33.544161,0
          </coordinates>
        </Point>
      </Placemark>
      <Placemark>
        <name>TX - Sinton</name>
        <description><![CDATA[Silver Creek Stables<br>www.horsemotel.com/Texas.html#scs<br>Tel: 573-528-5129]]></description>
        <styleUrl>#icon-960-DB4436</styleUrl>
        <Point>
          <coordinates>
            -97.5877222222222,28.18975,0
          </coordinates>
        </Point>
      </Placemark>
      <Placemark>
        <name>TX - Springtown</name>
        <description><![CDATA[Quarter Circle Spade Ranch<br>www.horsemotel.com/Texas.html#qcs<br>Tel: 817-550-2241]]></description>
        <styleUrl>#icon-960-DB4436</styleUrl>
        <Point>
          <coordinates>
            -97.7890555555555,32.9737777777778,0
          </coordinates>
        </Point>
      </Placemark>
      <Placemark>
        <name>TX - Stephenville</name>
        <description><![CDATA[4C'S Rodeo Ranch<br>www.horsemotel.com/Texas.html#cccc<br>Tel: 817-980-9946]]></description>
        <styleUrl>#icon-960-DB4436</styleUrl>
        <Point>
          <coordinates>
            -98.170076,32.224567,0
          </coordinates>
        </Point>
      </Placemark>
      <Placemark>
        <name>TX - Stephenville
</name>
        <description><![CDATA[LJ Equine<br>www.horsemotel.com/Texas.html#lje<br>Tel: 940-859-6587]]></description>
        <styleUrl>#icon-960-DB4436</styleUrl>
        <Point>
          <coordinates>
            -98.1616388888889,32.39975,0
          </coordinates>
        </Point>
      </Placemark>
      <Placemark>
        <name>TX - Terlingua
</name>
        <description><![CDATA[Into the Frontier at Jackass Flats in The Big Bend<br>www.horsemotel.com.Texas.html#itf<br>Tel: 432-371-2082]]></description>
        <styleUrl>#icon-960-DB4436</styleUrl>
        <Point>
          <coordinates>
            -103.615472222222,29.3213333333333,0
          </coordinates>
        </Point>
      </Placemark>
      <Placemark>
        <name>TX - Van</name>
        <description><![CDATA[VZ Stalls<br>www.horsemotel.com/Texas.html#vz<br>Tel: 970-580-5277]]></description>
        <styleUrl>#icon-960-DB4436</styleUrl>
        <Point>
          <coordinates>
            -95.69972,32.53677,0
          </coordinates>
        </Point>
      </Placemark>
      <Placemark>
        <name>TX - Van
</name>
        <description><![CDATA[Wild Heart Ranch Texas<br>www.horsemotel.com/Texas.html#whr<br>Tel: 505-908-7565]]></description>
        <styleUrl>#icon-960-DB4436</styleUrl>
        <Point>
          <coordinates>
            -95.64983,32.49908,0
          </coordinates>
        </Point>
      </Placemark>
      <Placemark>
        <name>TX - Weatherford</name>
        <description><![CDATA[Tin Top Creek Equine Facility<br>www.horsemotel.com/Texas.html#ttc<br>Tel: 907-388-8649]]></description>
        <styleUrl>#icon-960-DB4436</styleUrl>
        <Point>
          <coordinates>
            -97.79644,32.655983,0
          </coordinates>
        </Point>
      </Placemark>
      <Placemark>
        <name>TX - Wills Point
</name>
        <description><![CDATA[County Line Arena<br>www.horsemotel.com/Texas.html#cla<br>Tel: 903-474-5308]]></description>
        <styleUrl>#icon-960-DB4436</styleUrl>
        <Point>
          <coordinates>
            -95.972707,32.616305,0
          </coordinates>
        </Point>
      </Placemark>
      <Placemark>
        <name>TX - Winnie
</name>
        <description><![CDATA[Falconwood<br>www.horsemotel.com/Texas.html#wood<br>Tel: 409-656-3822]]></description>
        <styleUrl>#icon-960-DB4436</styleUrl>
        <Point>
          <coordinates>
            -94.375611,29.841639,0
          </coordinates>
        </Point>
      </Placemark>
      <Placemark>
        <name>TX - Winnie</name>
        <description><![CDATA[13 Points Farm - Horse Motel<br>www.horsemotel.com/Texas.html#tpf<br>Tel: 434-222-1256]]></description>
        <styleUrl>#icon-960-DB4436</styleUrl>
        <Point>
          <coordinates>
            -94.35544,29.87822,0
          </coordinates>
        </Point>
      </Placemark>
      <Placemark>
        <name>UT - Bicknell
</name>
        <description><![CDATA[Boulder Mountain Horse Motel<br>www.horsemotel.com/Utah.html#bmh<br>Tel: 801-631-1275]]></description>
        <styleUrl>#icon-960-DB4436</styleUrl>
        <Point>
          <coordinates>
            -111.545564,38.342175,0
          </coordinates>
        </Point>
      </Placemark>
      <Placemark>
        <name>UT - Cedar City</name>
        <description><![CDATA[Iron Horse Enterprises<br>www.horsemotel.com/Utah.html#ihe<br>Tel: 435-669-4697]]></description>
        <styleUrl>#icon-960-DB4436</styleUrl>
        <Point>
          <coordinates>
            -113.194861111111,37.6020555555556,0
          </coordinates>
        </Point>
      </Placemark>
      <Placemark>
        <name>UT - Eagle Mountain
</name>
        <description><![CDATA[Sage Hill Ranch<br>www.horsemotel.com/Utah.html#shr<br>Tel: 801-885-0259 or 801-602-8254]]></description>
        <styleUrl>#icon-960-DB4436</styleUrl>
        <Point>
          <coordinates>
            -111.981581,40.375612,0
          </coordinates>
        </Point>
      </Placemark>
      <Placemark>
        <name>UT - Erda</name>
        <description><![CDATA[Flying M Clydesdales<br>www.horsemotel.com/Utah.html#fmc<br> Tel: 435-228-8688]]></description>
        <styleUrl>#icon-960-DB4436</styleUrl>
        <Point>
          <coordinates>
            -112.275225,40.602845,0
          </coordinates>
        </Point>
      </Placemark>
      <Placemark>
        <name>UT - Green River</name>
        <description><![CDATA[Green River Stable<br>www.horsemotel.com/Utah.html#green<br>Tel: 435-820-6206 or 435-564-3554]]></description>
        <styleUrl>#icon-960-DB4436</styleUrl>
        <Point>
          <coordinates>
            -110.14825,39.043917,0
          </coordinates>
        </Point>
      </Placemark>
      <Placemark>
        <name>UT - Hurricane</name>
        <description><![CDATA[9S STABLES<br>www.horsemotel.com/Utah.html#nss<br>Tel: 435-703-4112]]></description>
        <styleUrl>#icon-960-DB4436</styleUrl>
        <Point>
          <coordinates>
            -113.309777777778,37.1331666666667,0
          </coordinates>
        </Point>
      </Placemark>
      <Placemark>
        <name>UT - LaSal</name>
        <description><![CDATA[3 Step Hideaway<br>www.horsemotel.com/Utah.html#threestep<br>Tel: 435-249-5567]]></description>
        <styleUrl>#icon-960-DB4436</styleUrl>
        <Point>
          <coordinates>
            -109.082639,38.093861,0
          </coordinates>
        </Point>
      </Placemark>
      <Placemark>
        <name>UT - Manila</name>
        <description><![CDATA[Rocky Ridge Outpost<br>www.horsemotel.com/Utah.html#rocky<br>Tel: 435-784-3600]]></description>
        <styleUrl>#icon-960-DB4436</styleUrl>
        <Point>
          <coordinates>
            -109.742667,40.944667,0
          </coordinates>
        </Point>
      </Placemark>
      <Placemark>
        <name>UT - Moab</name>
        <description><![CDATA[Old Spanish Trail Arena<br>www.horsemotel.com/Utah.html#ost<br>Tel: 435-259-6226]]></description>
        <styleUrl>#icon-960-DB4436</styleUrl>
        <Point>
          <coordinates>
            -109.493302,38.518492,0
          </coordinates>
        </Point>
      </Placemark>
      <Placemark>
        <name>UT - Morgan
</name>
        <description><![CDATA[R/M Stables<br>www.horsemotel.com/Utah.html#rms<br>Tel: 801-735-3794]]></description>
        <styleUrl>#icon-960-DB4436</styleUrl>
        <Point>
          <coordinates>
            -111.717416666667,41.0390833333333,0
          </coordinates>
        </Point>
      </Placemark>
      <Placemark>
        <name>UT - Ogden</name>
        <description><![CDATA[Wasatch View Ranch, LLC<br>www.horsemotel.com/Utah.html#wvr<br>Tel: 425-221-6863]]></description>
        <styleUrl>#icon-960-DB4436</styleUrl>
        <Point>
          <coordinates>
            -112.051191,41.275219,0
          </coordinates>
        </Point>
      </Placemark>
      <Placemark>
        <name>UT - Price</name>
        <description><![CDATA[High Desert Stables<br>http://www.horsemotel.com/Utah.html#hds<br>Tel: 435-650-9921]]></description>
        <styleUrl>#icon-960-DB4436</styleUrl>
        <Point>
          <coordinates>
            -110.828972222222,39.5721944444444,0
          </coordinates>
        </Point>
      </Placemark>
      <Placemark>
        <name>UT - St. George
</name>
        <description><![CDATA[Horse Haven Ranch<br>www.horsemotel.com/Utah.html#hhr<br>Tel: 435-669-9082]]></description>
        <styleUrl>#icon-960-DB4436</styleUrl>
        <Point>
          <coordinates>
            -113.60575,37.129306,0
          </coordinates>
        </Point>
      </Placemark>
      <Placemark>
        <name>UT - St George
</name>
        <description><![CDATA[Reinmakers Equestrian Park<br>www.horsemotel.com/Utah.html#rein<br>Tel: 801-649-9063]]></description>
        <styleUrl>#icon-960-DB4436</styleUrl>
        <Point>
          <coordinates>
            -113.61691,37.04264,0
          </coordinates>
        </Point>
      </Placemark>
      <Placemark>
        <name>UT - Salem</name>
        <description><![CDATA[Oak Hills Stable<br>www.horsemotel.com/Utah.html#oak<br>Tel:  801-360-1491 or 801-836-0799]]></description>
        <styleUrl>#icon-960-DB4436</styleUrl>
        <Point>
          <coordinates>
            -111.646889,40.040583,0
          </coordinates>
        </Point>
      </Placemark>
      <Placemark>
        <name>UT - Saratoga Springs
</name>
        <description><![CDATA[Bed and Barn<br>www.horsemotel.com/Utah.html#bab<br>Tel: 801-502-3952 or 801-360-5040]]></description>
        <styleUrl>#icon-960-DB4436</styleUrl>
        <Point>
          <coordinates>
            -111.923193,40.388889,0
          </coordinates>
        </Point>
      </Placemark>
      <Placemark>
        <name>UT - Snowville</name>
        <description><![CDATA[At Liberty Ranch<br>www.horsemotel.com/Utah.html#alr<br>Tel: 801-791-8829]]></description>
        <styleUrl>#icon-960-DB4436</styleUrl>
        <Point>
          <coordinates>
            -112.70536,41.9838,0
          </coordinates>
        </Point>
      </Placemark>
      <Placemark>
        <name>UT - South Jordan
</name>
        <description><![CDATA[Steve McIntyre<br>www.horsemotel.com/Utah.html#smi<br>Tel: 801-560-6954]]></description>
        <styleUrl>#icon-960-DB4436</styleUrl>
        <Point>
          <coordinates>
            -111.945253,40.543053,0
          </coordinates>
        </Point>
      </Placemark>
      <Placemark>
        <name>UT - Torrey
</name>
        <description><![CDATA[Hondoo Rivers & Trails<br>www.horsemotel.com/Utah.html#hrt<br>Tel: 435-425-3519]]></description>
        <styleUrl>#icon-960-DB4436</styleUrl>
        <Point>
          <coordinates>
            -111.4189,38.298956,0
          </coordinates>
        </Point>
      </Placemark>
      <Placemark>
        <name>UT - West Jordan</name>
        <description><![CDATA[The Triple Crown<br>www.horsemotel.com/Utah.html#tcc<br>Tel: 801-403-7423]]></description>
        <styleUrl>#icon-960-DB4436</styleUrl>
        <Point>
          <coordinates>
            -111.94811,40.58458,0
          </coordinates>
        </Point>
      </Placemark>
      <Placemark>
        <name>VT - Colchester</name>
        <description><![CDATA[Cottonwood Stables<br>www.horsemotel.com/Vermont.html#cws<br>Tel:]]></description>
        <styleUrl>#icon-960-DB4436</styleUrl>
        <Point>
          <coordinates>
            -73.20175,44.5069444444444,0
          </coordinates>
        </Point>
      </Placemark>
      <Placemark>
        <name>VT - Danville</name>
        <description><![CDATA[AB Vance Reining Horses<br>www.horsemotel.com/Vermont.html#abv<br>Tel: 802-751-9896]]></description>
        <styleUrl>#icon-960-DB4436</styleUrl>
        <Point>
          <coordinates>
            -72.1018333333333,44.3891388888889,0
          </coordinates>
        </Point>
      </Placemark>
      <Placemark>
        <name>VT - New Haven
</name>
        <description><![CDATA[Fuzzy Muzzles<br>www.horsemotel.com/Vermont.html#fmz<br>Tel: 702-290-7148]]></description>
        <styleUrl>#icon-960-DB4436</styleUrl>
        <Point>
          <coordinates>
            -73.1501666666667,44.1126944444444,0
          </coordinates>
        </Point>
      </Placemark>
      <Placemark>
        <name>VA - Bristol</name>
        <description><![CDATA[Goose Creek Farm<br>www.horsemotel.com/Virginia.html#goose<br>Tel: 276-669-5457]]></description>
        <styleUrl>#icon-960-DB4436</styleUrl>
        <Point>
          <coordinates>
            -82.162833,36.657444,0
          </coordinates>
        </Point>
      </Placemark>
      <Placemark>
        <name>VA - Charlottesville</name>
        <description><![CDATA[Rustling Meadows Stable @ Roslyn Forest<br>www.horsemotel.com/Virginia.html#rms<br>Tel: 434-531-2435]]></description>
        <styleUrl>#icon-960-DB4436</styleUrl>
        <Point>
          <coordinates>
            -78.50016,38.08267,0
          </coordinates>
        </Point>
      </Placemark>
      <Placemark>
        <name>VA - Glasgow</name>
        <description><![CDATA[Woodcrest Stable<br>www.horsemotel.com/Virginia.html#wcs<br>Tel: 207-679-7508]]></description>
        <styleUrl>#icon-960-DB4436</styleUrl>
        <Point>
          <coordinates>
            -79.4828055555556,37.6819444444444,0
          </coordinates>
        </Point>
      </Placemark>
      <Placemark>
        <name>VA - Gordonsville</name>
        <description><![CDATA[Lake Prince Farm LLC<br>www.horsemotel.com/Virginia.html#lpf<br>Tel: 540-246-4685]]></description>
        <styleUrl>#icon-960-DB4436</styleUrl>
        <Point>
          <coordinates>
            -78.18239,38.1133,0
          </coordinates>
        </Point>
      </Placemark>
      <Placemark>
        <name>VA - Highland Springs</name>
        <description><![CDATA[RockN K, Inc.<br>www.horsemotel.com/Virginia.html#k<br>Tel: 804-833-3459]]></description>
        <styleUrl>#icon-960-DB4436</styleUrl>
        <Point>
          <coordinates>
            -77.316528,37.548028,0
          </coordinates>
        </Point>
      </Placemark>
      <Placemark>
        <name>VA - Hume
</name>
        <description><![CDATA[Marriott Ranch<br>www.horsemotel.com/Virginia.html#mtr<br>Tel: 540-631-5018]]></description>
        <styleUrl>#icon-960-DB4436</styleUrl>
        <Point>
          <coordinates>
            -78.0550555555556,38.8220555555556,0
          </coordinates>
        </Point>
      </Placemark>
      <Placemark>
        <name>VA - Lawrenceville</name>
        <description><![CDATA[RTL All Equestrian Center, LLC<br>www.horsemotel.com/Virginia.html#rtl<br>Tel: 607-351-9650]]></description>
        <styleUrl>#icon-960-DB4436</styleUrl>
        <Point>
          <coordinates>
            -77.7832777777778,36.7471666666667,0
          </coordinates>
        </Point>
      </Placemark>
      <Placemark>
        <name>VA - Lexington</name>
        <description><![CDATA[Lazy Acres Farm<br>www.horsemotel.com/Virginia.html#lazy<br>Tel: 540 463-1636]]></description>
        <styleUrl>#icon-960-DB4436</styleUrl>
        <Point>
          <coordinates>
            -79.405306,37.832694,0
          </coordinates>
        </Point>
      </Placemark>
      <Placemark>
        <name>VA - Lexington</name>
        <description><![CDATA[Shenandoah Sporthorses<br>www.horsemotel.com/Virginia.html#ssh<br>Tel: 540-319-9810]]></description>
        <styleUrl>#icon-960-DB4436</styleUrl>
        <Point>
          <coordinates>
            -79.484833,37.755972,0
          </coordinates>
        </Point>
      </Placemark>
      <Placemark>
        <name>VA - Marion</name>
        <description><![CDATA[Ridgeway Belgians<br>www.horsemotel.com/Virginia.html#rwb<br>Tel: 336-247-2587]]></description>
        <styleUrl>#icon-960-DB4436</styleUrl>
        <Point>
          <coordinates>
            -81.517619,36.854376,0
          </coordinates>
        </Point>
      </Placemark>
      <Placemark>
        <name>VA - Natural Bridge
</name>
        <description><![CDATA[LoSapio Farms<br>www.horsemotel.com/Virginia.html#lsf<br>Tel: 970-231-6689]]></description>
        <styleUrl>#icon-960-DB4436</styleUrl>
        <Point>
          <coordinates>
            -79.543554,37.668799,0
          </coordinates>
        </Point>
      </Placemark>
      <Placemark>
        <name>VA - Radiant
</name>
        <description><![CDATA[TuckerBerry Farm<br>www.horsemotel.com/Virginia.html#tbf<br>Tel: 802-299-1220]]></description>
        <styleUrl>#icon-960-DB4436</styleUrl>
        <Point>
          <coordinates>
            -78.204472,38.31275,0
          </coordinates>
        </Point>
      </Placemark>
      <Placemark>
        <name>VA - Roanoke
</name>
        <description><![CDATA[Rock Creek Farm at Chateau DuVall<br>www.horsemotel.com/Virginia.html#rcf<br>Tel: 540-815-0928]]></description>
        <styleUrl>#icon-960-DB4436</styleUrl>
        <Point>
          <coordinates>
            -79.85213,37.323705,0
          </coordinates>
        </Point>
      </Placemark>
      <Placemark>
        <name>VA - Ruther Glen
</name>
        <description><![CDATA[The Lazy R<br>www.horsemotel.com/virginia.html#tlr<br>Tel: 540-841-7868]]></description>
        <styleUrl>#icon-960-DB4436</styleUrl>
        <Point>
          <coordinates>
            -77.519794,37.991724,0
          </coordinates>
        </Point>
      </Placemark>
      <Placemark>
        <name>VA - St. Stephens Church</name>
        <description><![CDATA[Travelers Rest Farm<br>www.horsemotel.com/Virginia.html#trf<br>Tel: 804-432-8474]]></description>
        <styleUrl>#icon-960-DB4436</styleUrl>
        <Point>
          <coordinates>
            -77.09736,37.85507,0
          </coordinates>
        </Point>
      </Placemark>
      <Placemark>
        <name>VA - Scotchtown</name>
        <description><![CDATA[Hidden Meadows Farm<br>www.horsemotel.com/Virginia.html#hidden<br>Tel: 804-651-8092]]></description>
        <styleUrl>#icon-960-DB4436</styleUrl>
        <Point>
          <coordinates>
            -77.59197,37.84997,0
          </coordinates>
        </Point>
      </Placemark>
      <Placemark>
        <name>VA - Strasburg
</name>
        <description><![CDATA[Emmanuel Equine Facility<br>www.horsemotel.com/Virginia.html#abe<br>Tel: 540-974-5794]]></description>
        <styleUrl>#icon-960-DB4436</styleUrl>
        <Point>
          <coordinates>
            -78.38461,39.00366,0
          </coordinates>
        </Point>
      </Placemark>
      <Placemark>
        <name>VA - Winchester</name>
        <description><![CDATA[Nodrog Farm<br>www.horsemotel.com/Virginia.html#nrf<br>Tel: 540-539-9356]]></description>
        <styleUrl>#icon-960-DB4436</styleUrl>
        <Point>
          <coordinates>
            -78.20187,39.22175,0
          </coordinates>
        </Point>
      </Placemark>
      <Placemark>
        <name>WA - Benton City</name>
        <description><![CDATA[R&R Ranch Horse Motel<br>www.horsemotel.com/Washington.html#rar<br>Tel: 509-430-1247]]></description>
        <styleUrl>#icon-960-DB4436</styleUrl>
        <Point>
          <coordinates>
            -119.570379,46.277335,0
          </coordinates>
        </Point>
      </Placemark>
      <Placemark>
        <name>WA - Chattaroy
</name>
        <description><![CDATA[Jt Ranch<br>www.horsemotel.com/Washington.html#jtr<br>Tel: 509-760-3930]]></description>
        <styleUrl>#icon-960-DB4436</styleUrl>
        <Point>
          <coordinates>
            -117.342611,47.878667,0
          </coordinates>
        </Point>
      </Placemark>
      <Placemark>
        <name>WA - Cheney</name>
        <description><![CDATA[Willow Lake Equestrian Center<br>www.horsemotel.com/Washington.html#wle<br>Tel: 509-220-4099 or 208-415-2715]]></description>
        <styleUrl>#icon-960-DB4436</styleUrl>
        <Point>
          <coordinates>
            -117.61825,47.5654166666667,0
          </coordinates>
        </Point>
      </Placemark>
      <Placemark>
        <name>WA - Cle Elum</name>
        <description><![CDATA[Dragonwood Equine Facility<br>www.horsemotel.com/Washington.html#dwd<br>Tel: 509-260-0385]]></description>
        <styleUrl>#icon-960-DB4436</styleUrl>
        <Point>
          <coordinates>
            -120.804944444444,47.1820555555556,0
          </coordinates>
        </Point>
      </Placemark>
      <Placemark>
        <name>WA - Deer Park</name>
        <description><![CDATA[Evermore Event Center<br>www.horsemotel.com/Washington.html#eec<br>Tel: 509-991-7495]]></description>
        <styleUrl>#icon-960-DB4436</styleUrl>
        <Point>
          <coordinates>
            -117.476972222222,47.9283055555556,0
          </coordinates>
        </Point>
      </Placemark>
      <Placemark>
        <name>WA - Grayland
</name>
        <description><![CDATA[Ocean Acres B&B Horse Hotel<br>www.horsemotel.com/Washington.html#oab<br>Tel: 360-267-5521]]></description>
        <styleUrl>#icon-960-DB4436</styleUrl>
        <Point>
          <coordinates>
            -124.083084,46.762363,0
          </coordinates>
        </Point>
      </Placemark>
      <Placemark>
        <name>WA - Kelso</name>
        <description><![CDATA[Beringer House Stables<br>www.horsemotel.com/Washington.html#bhs<br>Tel: 360-846-3449]]></description>
        <styleUrl>#icon-960-DB4436</styleUrl>
        <Point>
          <coordinates>
            -122.899444,46.194806,0
          </coordinates>
        </Point>
      </Placemark>
      <Placemark>
        <name>WA - Kennewick</name>
        <description><![CDATA[Tulipsprings, LLC<br>www.horsemotel.com/Washington.html#tulip<br>Tel: 509-521-1100]]></description>
        <styleUrl>#icon-960-DB4436</styleUrl>
        <Point>
          <coordinates>
            -119.081,46.163056,0
          </coordinates>
        </Point>
      </Placemark>
      <Placemark>
        <name>WA - Kennewick</name>
        <description><![CDATA[Roosters Stables<br>https://www.horsemotel.com/Washington.html#rss<br>Tel: 509-833-5516]]></description>
        <styleUrl>#icon-960-DB4436</styleUrl>
        <Point>
          <coordinates>
            -119.060138888889,46.1762777777778,0
          </coordinates>
        </Point>
      </Placemark>
      <Placemark>
        <name>WA - Olympia</name>
        <description><![CDATA[Littlerock Stables<br>www.horsemotel.com/Washington.html#lrs<br>Tel: 425-772-6792]]></description>
        <styleUrl>#icon-960-DB4436</styleUrl>
        <Point>
          <coordinates>
            -122.956583333333,46.9658333333333,0
          </coordinates>
        </Point>
      </Placemark>
      <Placemark>
        <name>WA - Rochester</name>
        <description><![CDATA[Farm RV Park<br>www.horsemotel.com/Washington.html#frv<br>Tel: 360-888-0530]]></description>
        <styleUrl>#icon-960-DB4436</styleUrl>
        <Point>
          <coordinates>
            -123.093888888889,46.8271666666667,0
          </coordinates>
        </Point>
      </Placemark>
      <Placemark>
        <name>WA - Roy
</name>
        <description><![CDATA[Legacy Stables<br>https://www.horsemotel.com/Washington.html#lgs<br>Tel: 253-350-1891]]></description>
        <styleUrl>#icon-960-DB4436</styleUrl>
        <Point>
          <coordinates>
            -122.396869,46.980303,0
          </coordinates>
        </Point>
      </Placemark>
      <Placemark>
        <name>WA - Silver Creek
</name>
        <description><![CDATA[Craterview Horse Park<br>www.horsemotel.com/Washington.html#bhp<br>Tel: 503-812-7688]]></description>
        <styleUrl>#icon-960-DB4436</styleUrl>
        <Point>
          <coordinates>
            -122.57809,46.51921,0
          </coordinates>
        </Point>
      </Placemark>
      <Placemark>
        <name>WA - Spokane</name>
        <description><![CDATA[The Spokane Equestrian Center<br>www.horsemotel.com/Washington.html#sec<br>Tel: 509-994-6635]]></description>
        <styleUrl>#icon-960-DB4436</styleUrl>
        <Point>
          <coordinates>
            -117.443888888889,47.5509166666667,0
          </coordinates>
        </Point>
      </Placemark>
      <Placemark>
        <name>WI - Deerfield</name>
        <description><![CDATA[Showtime Arena, LLC<br>www.horsemotel.com/Wisconsin.html#sta<br>Tel: 608-764-5555 or 608-692-5050]]></description>
        <styleUrl>#icon-960-DB4436</styleUrl>
        <Point>
          <coordinates>
            -89.106125,43.060041,0
          </coordinates>
        </Point>
      </Placemark>
      <Placemark>
        <name>WI - De Pere
</name>
        <description><![CDATA[Triple Z Quarter Horses<br>www.horsemotel.com/Wisconsin.html#zzz<br>Tel: 920-639-2071]]></description>
        <styleUrl>#icon-960-DB4436</styleUrl>
        <Point>
          <coordinates>
            -88.19062,44.412187,0
          </coordinates>
        </Point>
      </Placemark>
      <Placemark>
        <name>WI - Eau Claire</name>
        <description><![CDATA[Lone Tree Farm Horse Training<br>www.horsemotel.com/Wisconsin.html#ltf<br>Tel: 715-864-7038]]></description>
        <styleUrl>#icon-960-DB4436</styleUrl>
        <Point>
          <coordinates>
            -91.4326388888889,44.8290833333333,0
          </coordinates>
        </Point>
      </Placemark>
      <Placemark>
        <name>WI - Janesville</name>
        <description><![CDATA[Pakes Farm<br>www.horsemotel.com/Wisconsin.html#pf<br>Tel: 608-247-1414]]></description>
        <styleUrl>#icon-960-DB4436</styleUrl>
        <Point>
          <coordinates>
            -89.144583,42.774083,0
          </coordinates>
        </Point>
      </Placemark>
      <Placemark>
        <name>WI - Mason</name>
        <description><![CDATA[The Sunrise Ranch<br>www.horsemotel.com/Wisconsin.html#tsr<br>Tel: 715-730-0857]]></description>
        <styleUrl>#icon-960-DB4436</styleUrl>
        <Point>
          <coordinates>
            -90.98725,46.4435833333333,0
          </coordinates>
        </Point>
      </Placemark>
      <Placemark>
        <name>WI - Tomah
</name>
        <description><![CDATA[Holiday Hilltop Ranch<br>www.horsemotel.com/Wisconsin.html#hhr<br>Tel: 740-390-0240]]></description>
        <styleUrl>#icon-960-DB4436</styleUrl>
        <Point>
          <coordinates>
            -90.449015,43.933131,0
          </coordinates>
        </Point>
      </Placemark>
      <Placemark>
        <name>WI - Union Grove</name>
        <description><![CDATA[Spring Willow Farm<br>www.horsemotel.com/Wisconsin.html#swf<br>Tel: 262-878-2121]]></description>
        <styleUrl>#icon-960-DB4436</styleUrl>
        <Point>
          <coordinates>
            -88.05165,42.62285,0
          </coordinates>
        </Point>
      </Placemark>
      <Placemark>
        <name>WV - Beckley
</name>
        <description><![CDATA[Royal Mountain Stables<br>www.horsemotel.com/WestVirginia.html#rms<br>Tel: 304-787-5656]]></description>
        <styleUrl>#icon-960-DB4436</styleUrl>
        <Point>
          <coordinates>
            -81.22259,37.801956,0
          </coordinates>
        </Point>
      </Placemark>
      <Placemark>
        <name>WV - St. Albans
</name>
        <description><![CDATA[Sunday Stables<br>www.horsemotel.com/WestVirginia.html#ss<br>Tel: 304-722-4630 or 304-552-9816]]></description>
        <styleUrl>#icon-960-DB4436</styleUrl>
        <Point>
          <coordinates>
            -81.8497676,38.363501,0
          </coordinates>
        </Point>
      </Placemark>
      <Placemark>
        <name>WY - Aladdin</name>
        <description><![CDATA[JC Stage Stop Resort<br>www.horsemotel.com/Wyoming.html#jcss<br>Tel: 307-896-9134]]></description>
        <styleUrl>#icon-960-DB4436</styleUrl>
        <Point>
          <coordinates>
            -104.085482,44.659283,0
          </coordinates>
        </Point>
      </Placemark>
      <Placemark>
        <name>WY - Casper
</name>
        <description><![CDATA[The Soaring H<br>www.horsemotel.com/Wyoming.html#tsh<br>Tel: 307-277-1419]]></description>
        <styleUrl>#icon-960-DB4436</styleUrl>
        <Point>
          <coordinates>
            -106.560402,42.804027,0
          </coordinates>
        </Point>
      </Placemark>
      <Placemark>
        <name>WY - Cheyenne
</name>
        <description><![CDATA[Terry Bison Ranch Resorts<br>www.horsemotel.com/Wyoming.html#tbr<br>Tel: 307-634-4171]]></description>
        <styleUrl>#icon-960-DB4436</styleUrl>
        <Point>
          <coordinates>
            -104.90536,41.00288,0
          </coordinates>
        </Point>
      </Placemark>
      <Placemark>
        <name>WY - Cokeville</name>
        <description><![CDATA[Canyon Camp Horse Hotel<br>www.horsemotel.com/Wyoming.html#cch<br>Tel: 307-248-1373]]></description>
        <styleUrl>#icon-960-DB4436</styleUrl>
        <Point>
          <coordinates>
            -111.041472222222,42.4021666666667,0
          </coordinates>
        </Point>
      </Placemark>
      <Placemark>
        <name>WY - Dubois</name>
        <description><![CDATA[Rocky Mountain Lodge<br>www.horsemotel.com/Wyoming.html#rml<br>Tel: 307-455-2844]]></description>
        <styleUrl>#icon-960-DB4436</styleUrl>
        <Point>
          <coordinates>
            -109.661,43.5452777777778,0
          </coordinates>
        </Point>
      </Placemark>
      <Placemark>
        <name>WY - Evansville</name>
        <description><![CDATA[Platte Ridge Equestrian Center<br>www.horsemotel.com/Wyoming.html#pre<br>Tel: 307-237-4889]]></description>
        <styleUrl>#icon-960-DB4436</styleUrl>
        <Point>
          <coordinates>
            -106.058166666667,42.8598333333333,0
          </coordinates>
        </Point>
      </Placemark>
      <Placemark>
        <name>WY- Gillette</name>
        <description><![CDATA[Kluz Performance Horses<br>www.horsemotel.com/Wyoming.html#kph<br>Tel: 307-660-8062]]></description>
        <styleUrl>#icon-960-DB4436</styleUrl>
        <Point>
          <coordinates>
            -105.636898,44.17825,0
          </coordinates>
        </Point>
      </Placemark>
      <Placemark>
        <name>WY - Jackson</name>
        <description><![CDATA[Valar Horse Facility<br>www.horsemotel.com/Wyoming.html#valar<br>Tel: 307-733-2733]]></description>
        <styleUrl>#icon-960-DB4436</styleUrl>
        <Point>
          <coordinates>
            -110.728944,43.318361,0
          </coordinates>
        </Point>
      </Placemark>
      <Placemark>
        <name>WY - Powell</name>
        <description><![CDATA[HAMIC RANCH<br>www.horsemotel.com/Wyoming.html#hmr<br>Tel: 951-830-2698 or 307-202-2936]]></description>
        <styleUrl>#icon-960-DB4436</styleUrl>
        <Point>
          <coordinates>
            -109.110166666667,44.9747222222222,0
          </coordinates>
        </Point>
      </Placemark>
      <Placemark>
        <name>WY - Riverton
</name>
        <description><![CDATA[Paradise S Ranch<br>www.horsemotel.com/Wyoming.html#psr<br>Tel: 307-709-7928]]></description>
        <styleUrl>#icon-960-DB4436</styleUrl>
        <Point>
          <coordinates>
            -108.466805555556,43.0852222222222,0
          </coordinates>
        </Point>
      </Placemark>
      <Placemark>
        <name>WY - Riverton</name>
        <description><![CDATA[Diamonds and Twine Equine, LLC<br>http://www.horsemotel.com/Wyoming.html#dte<br>Tel: 307-354-6683]]></description>
        <styleUrl>#icon-960-DB4436</styleUrl>
        <Point>
          <coordinates>
            -108.489722222222,43.1319444444444,0
          </coordinates>
        </Point>
      </Placemark>
      <Placemark>
        <name>WY - Saratoga
</name>
        <description><![CDATA[7L Horse Boarding<br>www.horsemotel.com/Wyoming.html#seh<br>Tel: 307-760-8235]]></description>
        <styleUrl>#icon-960-DB4436</styleUrl>
        <Point>
          <coordinates>
            -106.781465,41.488698,0
          </coordinates>
        </Point>
      </Placemark>
      <Placemark>
        <name>WY - Savery</name>
        <description><![CDATA[Boyer YL Ranch<br>www.horsemotel.com/Wyoming.html#byl<br>Tel: 307-383-7778]]></description>
        <styleUrl>#icon-960-DB4436</styleUrl>
        <Point>
          <coordinates>
            -107.368268,41.120627,0
          </coordinates>
        </Point>
      </Placemark>
      <Placemark>
        <name>WY - Sheridan</name>
        <description><![CDATA[W/D Hossienda<br>www.horsemotel.com/Wyoming.html#wdh<br>Tel: 307-752-2468 or 4202]]></description>
        <styleUrl>#icon-960-DB4436</styleUrl>
        <Point>
          <coordinates>
            -106.993097,44.719987,0
          </coordinates>
        </Point>
      </Placemark>
      <Placemark>
        <name>WY - Sheridan
</name>
        <description><![CDATA[Sings With The Eagle<br>www.horsemotel.com/Wyoming.html#swe<br>Tel: 307-752-9615]]></description>
        <styleUrl>#icon-960-DB4436</styleUrl>
        <Point>
          <coordinates>
            -106.981591,44.860202,0
          </coordinates>
        </Point>
      </Placemark>
      <Placemark>
        <name>WY - Ten Sleep</name>
        <description><![CDATA[Ten Sleep RV Park, Cabins and Horse Hotel<br>www.horsemotel.com/Wyoming.html#tenbroek<br>Tel: 307-366-2250]]></description>
        <styleUrl>#icon-960-DB4436</styleUrl>
        <Point>
          <coordinates>
            -107.451778,44.034167,0
          </coordinates>
        </Point>
      </Placemark>
      <Placemark>
        <name>WY - Wapiti</name>
        <description><![CDATA[Rand Creek Ranch, LLC<br>www.horsemotel.com/Wyoming.html#rand<br>Tel: 307-587-3200]]></description>
        <styleUrl>#icon-960-DB4436</styleUrl>
        <Point>
          <coordinates>
            -109.457417,44.462278,0
          </coordinates>
        </Point>
      </Placemark>
      <Placemark>
        <name>WY - Wheatland
</name>
        <description><![CDATA[Cottonwood Creek Ranch<br>www.horsemotel.com/Wyoming.html#ccr<br>Tel: 307-358-2033]]></description>
        <styleUrl>#icon-960-DB4436</styleUrl>
        <Point>
          <coordinates>
            -104.9765,42.2875833333333,0
          </coordinates>
        </Point>
      </Placemark>
      <Placemark>
        <name>Alberta, Canada - Alhambra</name>
        <description><![CDATA[Spur West Arena<br>www.horsemotel.com/ZCan-Alberta.html#swa<br>Tel: 403-357-9010]]></description>
        <styleUrl>#icon-960-DB4436</styleUrl>
        <Point>
          <coordinates>
            -114.673366,52.322369,0
          </coordinates>
        </Point>
      </Placemark>
      <Placemark>
        <name>Alberta, Canada - Brooks</name>
        <description><![CDATA[Silver Sage Community Corral<br>www.horsemotel.com/ ZCan-Alberta.html#ssc<br>Tel: 403-362-2262]]></description>
        <styleUrl>#icon-960-DB4436</styleUrl>
        <Point>
          <coordinates>
            -111.899791,50.542721,0
          </coordinates>
        </Point>
      </Placemark>
      <Placemark>
        <name>Alberta, Canada - Cardston County
</name>
        <description><![CDATA[Rocking Heart Ranch<br>www.horsemotel.com/ZCan-Alberta.html#rhr<br>Tel: 403-894-1005]]></description>
        <styleUrl>#icon-960-DB4436</styleUrl>
        <Point>
          <coordinates>
            -113.821194444444,49.1321944444444,0
          </coordinates>
        </Point>
      </Placemark>
      <Placemark>
        <name>Alberta, Canada - Foothills</name>
        <description><![CDATA[Hamilton Lane Equestrian<br>www.horsemotel.com/ZCan-Alberta.html#hle<br>Tel: 780-966-1227]]></description>
        <styleUrl>#icon-960-DB4436</styleUrl>
        <Point>
          <coordinates>
            -114.371861111111,50.8449722222222,0
          </coordinates>
        </Point>
      </Placemark>
      <Placemark>
        <name>Alberta, Canada - Foorhills</name>
        <description><![CDATA[Foothills Horse Motel<br>www.horsemotel.com/ZCan-Alberta.html#fhm<br>Tel: 403-988-5313]]></description>
        <styleUrl>#icon-960-DB4436</styleUrl>
        <Point>
          <coordinates>
            -113.86011,50.81287,0
          </coordinates>
        </Point>
      </Placemark>
      <Placemark>
        <name>Alberta, Canada - Rocky View County</name>
        <description><![CDATA[Rough Diamond Ranch Alberta<br>http://www.horsemotel.com/ZCan-Alberta.html#rdr<br>Tel: 403-615-9060]]></description>
        <styleUrl>#icon-960-DB4436</styleUrl>
        <Point>
          <coordinates>
            -114.634805555556,51.4362222222222,0
          </coordinates>
        </Point>
      </Placemark>
      <Placemark>
        <name>Alberta, Canada - Spring Creek</name>
        <description><![CDATA[ML Arena at Spring Point<br>http://www.horsemotel.com/ZCan-Alberta.html#mla<br>Tel: 403-315-4480]]></description>
        <styleUrl>#icon-960-DB4436</styleUrl>
        <Point>
          <coordinates>
            -113.795555555556,49.6769166666667,0
          </coordinates>
        </Point>
      </Placemark>
      <Placemark>
        <name>Alberta, Canada - Strathmore</name>
        <description><![CDATA[Hammer Hill Stables<br>www.horsemotel.com/ZCan-Alberta.html#hammer<br>Tel: 403-888-2102]]></description>
        <styleUrl>#icon-960-DB4436</styleUrl>
        <Point>
          <coordinates>
            -113.4002873,51.0378523,0
          </coordinates>
        </Point>
      </Placemark>
      <Placemark>
        <name>Alberta, Canada - Viking</name>
        <description><![CDATA[Iron Creek Community<br>http://www.horsemotel.com/ZCan-Alberta.html#iron<br>Tel: 780-336-3335]]></description>
        <styleUrl>#icon-960-DB4436</styleUrl>
        <Point>
          <coordinates>
            -111.7764533,53.0960793,0
          </coordinates>
        </Point>
      </Placemark>
      <Placemark>
        <name>BC, Canada - Abbotsford</name>
        <description><![CDATA[Honey Field Farm<br>www.horsemotel.com/ZCan-BritishColumbia.html#hff<br>Tel: 778-840-9657]]></description>
        <styleUrl>#icon-960-DB4436</styleUrl>
        <Point>
          <coordinates>
            -122.404413,49.115433,0
          </coordinates>
        </Point>
      </Placemark>
      <Placemark>
        <name>BC, Canada - Prince George
</name>
        <description><![CDATA[Hylee Training<br>www.horsemotel.com/ZCan-BritishColumbia.html#hylee<br>Tel: 604-785-9953]]></description>
        <styleUrl>#icon-960-DB4436</styleUrl>
        <Point>
          <coordinates>
            -122.58475,53.7213333333333,0
          </coordinates>
        </Point>
      </Placemark>
      <Placemark>
        <name>BC, Candada - Rosedale
</name>
        <description><![CDATA[L&S Farm<br>http://www.horsemotel.com/ZCan-BritishColumbia.html#lsf<br>Tel: 604-793-3378]]></description>
        <styleUrl>#icon-960-DB4436</styleUrl>
        <Point>
          <coordinates>
            -121.785833333333,49.18375,0
          </coordinates>
        </Point>
      </Placemark>
      <Placemark>
        <name>Manitoba, Canada - Elm Creek
</name>
        <description><![CDATA[Blessings at the Creek<br>www.horsemotel.com/ZCan-Manitoba.html#bac<br>Tel: 204-218-6064]]></description>
        <styleUrl>#icon-960-DB4436</styleUrl>
        <Point>
          <coordinates>
            -97.900324,49.717982,0
          </coordinates>
        </Point>
      </Placemark>
      <Placemark>
        <name>Manitoba, Canada - Navin
</name>
        <description><![CDATA[Scott MacKenzie Show Horses<br>www.horsemotel.com/Z-Can-Manitoba.html#sms<br>Tel: 204-890-7675]]></description>
        <styleUrl>#icon-960-DB4436</styleUrl>
        <Point>
          <coordinates>
            -97.0041111111111,49.8476666666667,0
          </coordinates>
        </Point>
      </Placemark>
      <Placemark>
        <name>Manitoba, Canada - Strathclair
</name>
        <description><![CDATA[Bar 16 Stables<br>www.horsemotel.com/ZCan-Manitoba.html#bst<br>Tel: 431-541-1351]]></description>
        <styleUrl>#icon-960-DB4436</styleUrl>
        <Point>
          <coordinates>
            -100.918704,50.492756,0
          </coordinates>
        </Point>
      </Placemark>
      <Placemark>
        <name>Manitoba, Canada - Winnipeg
</name>
        <description><![CDATA[J L Farm Stable<br>www.horsemotel.com/ZCan-Manitoba.html#jlf<br>Tel: 204-981-5867]]></description>
        <styleUrl>#icon-960-DB4436</styleUrl>
        <Point>
          <coordinates>
            -97.045806,49.778389,0
          </coordinates>
        </Point>
      </Placemark>
      <Placemark>
        <name>NB-Canada- Anagance</name>
        <description><![CDATA[Off Grid Adventure<br>www.horsemotel.com/ZCan-NewBrunswick.html#oga<br>Tel: 506-688-2831]]></description>
        <styleUrl>#icon-960-DB4436</styleUrl>
        <Point>
          <coordinates>
            -65.2515277777778,45.871,0
          </coordinates>
        </Point>
      </Placemark>
      <Placemark>
        <name>NB-Canada-Ste-Anne-de-Madawaska</name>
        <description><![CDATA[Balance With Hooves<br>www.horsemotel.com/ZCan-NewBrunswick.html#bwh<br>Tel: 506-253-7303]]></description>
        <styleUrl>#icon-960-DB4436</styleUrl>
        <Point>
          <coordinates>
            -68.015053,47.252553,0
          </coordinates>
        </Point>
      </Placemark>
      <Placemark>
        <name>Nova Scotia, Canada - Green Creek
</name>
        <description><![CDATA[Pleasant Valley Equestrain Center<br>https://www.horsemotel.com/ZCan-NovaScotia.html#pve<br>Tel: 902-499-2191]]></description>
        <styleUrl>#icon-960-DB4436</styleUrl>
        <Point>
          <coordinates>
            -63.3703888888889,45.2456111111111,0
          </coordinates>
        </Point>
      </Placemark>
      <Placemark>
        <name>Ontario, Canada - Blenheim</name>
        <description><![CDATA[Nooyen Farms<br>www.horsemotel.com/ZCan-Ontario.html#nf<br>Tel: 905-355-1592]]></description>
        <styleUrl>#icon-960-DB4436</styleUrl>
        <Point>
          <coordinates>
            -82.010181,42.417059,0
          </coordinates>
        </Point>
      </Placemark>
      <Placemark>
        <name>Ontario, Canada - Brighton</name>
        <description><![CDATA[Perre & Nicole Bovay<br>www.horsemotel.com/ZCan-Ontario.html#pierre<br>Tel: 905-355-1592]]></description>
        <styleUrl>#icon-960-DB4436</styleUrl>
        <Point>
          <coordinates>
            -77.8225,44.0155,0
          </coordinates>
        </Point>
      </Placemark>
      <Placemark>
        <name>Ontario, Canada - Cameron
</name>
        <description><![CDATA[Safe At Last Stables<br>http://www.horsemotel.com/ZCan-Ontario.html#sal<br>Tel: 647-327-6993]]></description>
        <styleUrl>#icon-960-DB4436</styleUrl>
        <Point>
          <coordinates>
            -78.773345,44.438156,0
          </coordinates>
        </Point>
      </Placemark>
      <Placemark>
        <name>Ontario, Canada - Drumbo
</name>
        <description><![CDATA[Circle 8 Ranch<br>www.horsemotel.com/ZCan-Ontario.html#cer<br>Tel: 519-404-5959]]></description>
        <styleUrl>#icon-960-DB4436</styleUrl>
        <Point>
          <coordinates>
            -80.5007777777778,43.2576388888889,0
          </coordinates>
        </Point>
      </Placemark>
      <Placemark>
        <name>Ontario, Canada - Hearst</name>
        <description><![CDATA[Angolly’s Ranch<br>www.horsemotel.com/ZCan-Ontario.html#ang<br>Tel: 705-372-8388 or 705-362-8388]]></description>
        <styleUrl>#icon-960-DB4436</styleUrl>
        <Point>
          <coordinates>
            -83.765596,49.622575,0
          </coordinates>
        </Point>
      </Placemark>
      <Placemark>
        <name>Ontario, Canada - Kakabeka Falls</name>
        <description><![CDATA[Candy Hill Farms<br>www.horsemotel.com/ZCan-Ontario.html#chf <br>Tel: 807-473-9579]]></description>
        <styleUrl>#icon-960-DB4436</styleUrl>
        <Point>
          <coordinates>
            -89.553361,48.333833,0
          </coordinates>
        </Point>
      </Placemark>
      <Placemark>
        <name><![CDATA[Ontario, Canada - Richard's Landing]]></name>
        <description><![CDATA[The Island Ranch<br>www.horsemotel.com/ZCan-Ontario.html#tir<br>Tel: 705-325-5858]]></description>
        <styleUrl>#icon-960-DB4436</styleUrl>
        <Point>
          <coordinates>
            -84.0422777777778,46.2477222222222,0
          </coordinates>
        </Point>
      </Placemark>
      <Placemark>
        <name>Ontario, Canada - Roslin</name>
        <description><![CDATA[Foxton Road Farm<br>www.horsemotel.com/ZCan-Ontario.html#frf <br>Tel: 613-391-4146]]></description>
        <styleUrl>#icon-960-DB4436</styleUrl>
        <Point>
          <coordinates>
            -77.335417,44.347889,0
          </coordinates>
        </Point>
      </Placemark>
      <Placemark>
        <name>Ontario, Canada - Scotland
</name>
        <description><![CDATA[SCR<br>www.horsemotel.com/ZCan-Ontario.html#scr<br>Tel: 519-717-1226]]></description>
        <styleUrl>#icon-960-DB4436</styleUrl>
        <Point>
          <coordinates>
            -80.323833,43.011,0
          </coordinates>
        </Point>
      </Placemark>
      <Placemark>
        <name>Ontario, Canada - Warren
</name>
        <description><![CDATA[King Air and Bale<br>www.horsemotel.com/ZCan-Ontario.html#kab<br> Tel: 705-303-5529]]></description>
        <styleUrl>#icon-960-DB4436</styleUrl>
        <Point>
          <coordinates>
            -80.3608888888889,46.4210555555556,0
          </coordinates>
        </Point>
      </Placemark>
      <Placemark>
        <name>Ontario, Canada - Wellington North</name>
        <description><![CDATA[Waylor Farm<br>www.horsemotel.com/ZCan-Ontario.html#wf<br>Tel: 519-994-3412]]></description>
        <styleUrl>#icon-960-DB4436</styleUrl>
        <Point>
          <coordinates>
            -80.461639,43.918944,0
          </coordinates>
        </Point>
      </Placemark>
      <Placemark>
        <name>Ontario, Canada - Wyoming</name>
        <description><![CDATA[Maefield Horse Farm Lodge & Livery<br>www.horsemotel.com/ZCan-Ontario.html#livery<br> Tel: 519-899-2167]]></description>
        <styleUrl>#icon-960-DB4436</styleUrl>
        <Point>
          <coordinates>
            -82.10475,43.003861,0
          </coordinates>
        </Point>
      </Placemark>
      <Placemark>
        <name>Quebec, Canada - Bécancour</name>
        <description><![CDATA[Ferme G. Guillemette Inc.<br>www.horsemotel.com/ZCan-Quebec.html#fgg<br>Tel: 819-371-4154]]></description>
        <styleUrl>#icon-960-DB4436</styleUrl>
        <Point>
          <coordinates>
            -72.5179166666667,46.2630555555556,0
          </coordinates>
        </Point>
      </Placemark>
      <Placemark>
        <name>Quebec, Canada - Ste-Justine-De-Newton</name>
        <description><![CDATA[Ranch du p'tit Château<br>www.horsemotel.com/ZCan-Quebec.html#rdp<br>Tel: 450-377-6986]]></description>
        <styleUrl>#icon-960-DB4436</styleUrl>
        <Point>
          <coordinates>
            -74.4347777777778,45.3848333333333,0
          </coordinates>
        </Point>
      </Placemark>
      <Placemark>
        <name>Quebec, Canada - Ste Marthe</name>
        <description><![CDATA[Écurie Heartford Stables<br>www.horsemotel.com/ZCan-Quebec.html#ehs<br>Tel: 438-889-7303]]></description>
        <styleUrl>#icon-960-DB4436</styleUrl>
        <Point>
          <coordinates>
            -74.2507777777778,45.3998055555556,0
          </coordinates>
        </Point>
      </Placemark>
      <Placemark>
        <name>Quebec, Canada - Saint-Valérien-de-Milton</name>
        <description><![CDATA[Ferme Di-nou enr<br>www.horsemotel.com/ZCan-Quebec.html#ferme<br>Tel: 450-793-4228]]></description>
        <styleUrl>#icon-960-DB4436</styleUrl>
        <Point>
          <coordinates>
            -72.774611,45.592306,0
          </coordinates>
        </Point>
      </Placemark>
      <Placemark>
        <name>Saskatchewan, Canada - Mortlach</name>
        <description><![CDATA[K & K Training Stables<br>www.horsemotel.com/ZCan-Saskatchewan.html#kk<br>Tel: 306-355-2599]]></description>
        <styleUrl>#icon-960-DB4436</styleUrl>
        <Point>
          <coordinates>
            -106.096722,50.452639,0
          </coordinates>
        </Point>
      </Placemark>
      <Placemark>
        <name><![CDATA[Saskatchewan, Canada - Prud'Homme]]></name>
        <description><![CDATA[Vickis EAL and Photography<br>www.horsemotel.com/ZCan-Saskatchewan.html#or<br>Tel: 306-417-9022]]></description>
        <styleUrl>#icon-960-DB4436</styleUrl>
        <Point>
          <coordinates>
            -105.890542,52.340151,0
          </coordinates>
        </Point>
      </Placemark>
      <Placemark>
        <name>Saskatchewan, Canada - Regina</name>
        <description><![CDATA[GCJ Stables, Ltd<br>www.horsemotel.com/ZCan-Saskatchewan.html#gcj<br>Tel: 306-525-6922]]></description>
        <styleUrl>#icon-960-DB4436</styleUrl>
        <Point>
          <coordinates>
            -104.581083,50.601194,0
          </coordinates>
        </Point>
      </Placemark>
      <Placemark>
        <name>Z - Argentina - Buenos Aires
</name>
        <description><![CDATA[Argentina Outfitters Las Taguas Argentina Travel Service<br>(http://www.horsemotel.com/ZArgentina.html#outfitters)<br>Tel: 1-832-344-9543 (USA)]]></description>
        <styleUrl>#icon-960-DB4436</styleUrl>
        <Point>
          <coordinates>
            -58.37316,-34.60841,0
          </coordinates>
        </Point>
      </Placemark>
      <Placemark>
        <name>Z - Argenttina - San Martin de Los Andes</name>
        <description><![CDATA[Quipiren - Ride with us!<br>(http://www.horsemotel.com/ZArgentina.html#quipiren)<br>Tel: 54 11 4804 4101]]></description>
        <styleUrl>#icon-960-DB4436</styleUrl>
        <Point>
          <coordinates>
            -71.35419,-40.15509,0
          </coordinates>
        </Point>
      </Placemark>
      <Placemark>
        <name>Z - Australia - Narre Warren
</name>
        <description><![CDATA[Kelso Equestrian Indoor Training Centre <br>(http://www.horsemotel.com/ZAustralia.html#kelso)<br>Tel: 61 3 979 68415]]></description>
        <styleUrl>#icon-960-DB4436</styleUrl>
        <Point>
          <coordinates>
            145.30693,-38.02638,0
          </coordinates>
        </Point>
      </Placemark>
      <Placemark>
        <name>Z - Australia – Table Top, NSW</name>
        <description><![CDATA[Table Top Homestead Motel<br>www.horsemotel.com/ZAustralia.html#tth<br>Tel: 043-915-1714]]></description>
        <styleUrl>#icon-960-DB4436</styleUrl>
        <Point>
          <coordinates>
            147.008694444444,-35.9671666666667,0
          </coordinates>
        </Point>
      </Placemark>
      <Placemark>
        <name>Z - Australia - Wonga Beach, Queensland</name>
        <description><![CDATA[Beachhorserides <br>(http://www.horsemotel.com/ZAustralia.html#beach)<br>Tel: 07 4098 8491]]></description>
        <styleUrl>#icon-960-DB4436</styleUrl>
        <Point>
          <coordinates>
            145.41067,-16.33677,0
          </coordinates>
        </Point>
      </Placemark>
      <Placemark>
        <name>Z - Australia - Pakenham Upper, Victoria</name>
        <description><![CDATA[The Grange circa1885<br>(http://www.horsemotel.com/ZAustralia.html#grange)<br>Tel: 61 3 5942 7888]]></description>
        <styleUrl>#icon-960-DB4436</styleUrl>
        <Point>
          <coordinates>
            145.51243,-38.01174,0
          </coordinates>
        </Point>
      </Placemark>
      <Placemark>
        <name>Z - Egypt - Luxor</name>
        <description><![CDATA[Luxor Stables<br>www.horsemotel.com/ZA-Egypt.html#lxs<br>010-050-4855]]></description>
        <styleUrl>#icon-960-DB4436</styleUrl>
        <Point>
          <coordinates>
            32.6314444444444,25.7076666666667,0
          </coordinates>
        </Point>
      </Placemark>
      <Placemark>
        <name>Z - France - Belin
</name>
        <description><![CDATA[Le Volcelest<br>www.horsemotel.com/ZA-France.html#vlt<br>Tel: 33 7 86 31 95 38]]></description>
        <styleUrl>#icon-960-DB4436</styleUrl>
        <Point>
          <coordinates>
            -0.710916666666667,44.4720277777778,0
          </coordinates>
        </Point>
      </Placemark>
      <Placemark>
        <name>Z - France - La Motte Feuilly</name>
        <description><![CDATA[Le Bourg<br> La Motte Feuilly, France 36160<br> Tel: +33 06-08-11-07-93]]></description>
        <styleUrl>#icon-960-DB4436</styleUrl>
        <Point>
          <coordinates>
            2.090129,46.543243,0
          </coordinates>
        </Point>
      </Placemark>
      <Placemark>
        <name>Z – Germany - Gammendorf / Fehmarn</name>
        <description><![CDATA[Julis Inselreiten<br>www.horsemotel.com/ZA-Germany.html#uir<br>Tel: 01511 7452425]]></description>
        <styleUrl>#icon-960-DB4436</styleUrl>
        <Point>
          <coordinates>
            11.1452777777778,54.4948888888889,0
          </coordinates>
        </Point>
      </Placemark>
      <Placemark>
        <name>Z - Italy - Viterbo</name>
        <description><![CDATA[Red Cedar Ranch <br>www.horsemotel.com/ZA-Italy.html#rcr<br>Tel: +39-338-429-5304]]></description>
        <styleUrl>#icon-960-DB4436</styleUrl>
        <Point>
          <coordinates>
            11.86326,42.27021,0
          </coordinates>
        </Point>
      </Placemark>
      <Placemark>
        <name>Z - The Netherlands - Amstelveen</name>
        <description><![CDATA[Amstelveen<br>Amstel Horsehotel<br>www.horsemotel.com/ZA-TheNetherlands.html#amstel)<br>Tel: +31 297 527594]]></description>
        <styleUrl>#icon-960-DB4436</styleUrl>
        <Point>
          <coordinates>
            4.87822,52.2635,0
          </coordinates>
        </Point>
      </Placemark>
      <Placemark>
        <name>Z - The Netherlands - Katwoude
</name>
        <description><![CDATA[Katwoude<br>Horse Hotel Holland <br>(http://www.horsemotel.com/ZA-TheNetherlands.html#bart), <br>Tel: +31(0)623 688 789]]></description>
        <styleUrl>#icon-960-DB4436</styleUrl>
        <Point>
          <coordinates>
            5.05853,52.46916,0
          </coordinates>
        </Point>
      </Placemark>
      <Placemark>
        <name>Z - Turkey - Camyuva, Kemer</name>
        <description><![CDATA[Berke Ranch<br>Hotel Berke Ranch (http://www.horsemotel.com/ZATurkey.html#berke),<br>Tel: +905307619546]]></description>
        <styleUrl>#icon-960-DB4436</styleUrl>
        <Point>
          <coordinates>
            30.71438,36.89394,0
          </coordinates>
        </Point>
      </Placemark>
      <Placemark>
        <name>Z-United Kingdom</name>
        <description><![CDATA[Church Farm Stables www.horsemotel.com/ZUnitedKingdom.html#church<br>Tel: 01304 820097]]></description>
        <styleUrl>#icon-960-DB4436</styleUrl>
        <Point>
          <coordinates>
            1.31547,51.17854,0
          </coordinates>
        </Point>
      </Placemark>
    </Folder>
    <Folder>
      <name>Untitled layer</name>
    </Folder>
  </Document>
</kml>
